ticker,Расширение,Ложный пробой,Колено,2xEXTR,Не на уровне,От плотности,Контр тренд,Треугольник,50%,Datetime,PNL,filenames
ETH,0,0,-1,-1,0,1,0,0,0,-1,NA,"['ETH_15_a1ab26675ee238ec43400e40c7bf73b6.png', 'ETH_3_f6692b7af961b158cd8b00f218e1d0dd.png']"
ETH,0,0,-1,-1,0,1,0,0,0,-1,NA,"['ETH_15_60c10b1be2ee843fd89dcac67b313f21.png', 'ETH_3_bf66c1b88ae9ed124e0a72a44cb99281.png']"
ETH,0,1,-1,-1,0,0,0,1,0,-1,NA,"['ETH_15_d43bf168f8c0a10f4da235fa29a16a27.png', 'ETH_3_992c4604e9213dd31ad89f196559b30c.png']"
ETH,0,1,-1,-1,0,0,1,0,0,-1,NA,"['ETH_15_c857676796c4c26f0fee3b10968ef73d.png', 'ETH_3_746769953a4355f0a0ed1fd028f2ad0a.png']"
ETH,1,0,-1,-1,0,0,1,0,0,-1,NA,"['ETH_15_1924f30ce7b10d7e9afe9a7f57ed2bf2.png', 'ETH_3_d8067d6de2c641a657e7a8155bf23e7c.png']"
ETH,0,1,-1,-1,0,0,0,1,0,-1,NA,"['ETH_15_0494d464f9b4f11d656f3c102ad460f7.png', 'ETH_3_2ba509d4172a7d1016622fb64933e865.png']"
ETH,1,0,-1,-1,0,0,0,0,0,-1,NA,"['ETH_15_16186ca6a378b5295457890945f4d9a0.png', 'ETH_3_2d5951c50d54c85d68c323fde194fc5a.png']"
ETH,0,0,-1,-1,0,1,0,1,1,-1,NA,"['ETH_15_8ff3a766f6ccb0a2bd6b87dd411b287d.png', 'ETH_3_8417d4d4479c7385accb1074d8f23819.png']"
ETH,0,1,-1,-1,0,0,1,0,0,-1,NA,"['ETH_15_6705ab0de5d4bcbfed2f27daae36c429.png', 'ETH_3_ec1caa4a795ababbe4142057ce5e0aab.png']"
ETH,1,0,-1,-1,0,1,1,0,0,-1,NA,"['ETH_15_6f1eaf85e82131067854611870fa49f1.png', 'ETH_3_b1fa730002de0fb70a0f07587712c706.png']"
ETH,0,1,-1,-1,0,0,1,1,1,-1,NA,"['ETH_15_fbda060e50ccf504f83cbb220f12eeae.png', 'ETH_3_5a3ea94a369a264a195255ef394dd300.png']"
ETH,0,0,-1,-1,0,1,1,1,0,-1,NA,"['ETH_15_31f15bad4be181564184d186f332f0f2.png', 'ETH_3_bc7abb9dfb8f103d9cb43596681b8ad2.png']"
ETH,1,0,-1,-1,0,0,0,1,1,-1,NA,"['ETH_15_2df1e2055e8c8e5a313e07a333b74bd6.png', 'ETH_3_20ca2ab2c2757718f2eb834c58132f20.png']"
ETH,0,0,-1,-1,1,0,1,0,0,-1,NA,"['ETH_15_94938c173038745da07d61af57ba2ecd.png', 'ETH_3_62b30336231950fd0a8a725ed6b1636a.png']"
ETH,0,0,-1,-1,1,0,1,0,0,-1,NA,"['ETH_15_80b119f142cc21e1c162a0728c9901f8.png', 'ETH_3_047de74d54654a73e58e23108e4f956f.png']"
ETH,0,0,-1,-1,0,1,0,1,0,-1,NA,"['ETH_15_ad75eeed6f567c5bdd74801b8796e9cd.png', 'ETH_3_88cda383054236b41c2788d952fc6503.png']"
ETH,0,1,-1,-1,0,0,1,0,0,-1,NA,"['ETH_15_806f0a3d8e0f3f1806e8765faf69ff89.png', 'ETH_3_86d7ee2c62082bee6dd8a0dfd1c80b1f.png']"
ETH,0,0,-1,-1,0,0,1,0,1,-1,NA,"['ETH_15_0d88c2e9a17365953dd936276650473a.png', 'ETH_3_99cc9b6988847c804c66f89aadabce05.png']"
ETH,1,0,-1,-1,0,0,1,0,0,-1,NA,"['ETH_15_b400e317ee563cb20d5afdec9038d692.png', 'ETH_3_ead0d02a2870013f9ac8b1102ed363a1.png']"
ETH,0,0,-1,-1,0,1,0,0,0,-1,NA,"['ETH_15_df3cf86e6e3e89455ca9f1193f6625f1.png', 'ETH_3_722202c538beca53b04cae3249d4780f.png']"
ETH,0,1,-1,-1,0,0,0,0,1,-1,NA,"['ETH_15_76ec16838b4d6e030e0cdd4b0522a20c.png', 'ETH_3_2c389fec7ac491236c9b6ffd689fe449.png']"
ETH,0,1,-1,-1,0,0,1,0,0,-1,NA,"['ETH_15_18b0bd9d33ee91bdbaf614bab9d049e3.png', 'ETH_3_18946e125026b5ff49702e07d04a174b.png']"
ETH,0,1,-1,-1,0,0,0,0,1,-1,NA,"['ETH_15_f0b79a0a69e8dd62a80f81b3ec81da8a.png', 'ETH_3_880f6b43b8f9bc9e4b466c08f46d276d.png']"
ETH,1,1,-1,-1,0,0,0,0,0,-1,NA,"['ETH_15_88bd2845cca074e3a65df4fd2851e672.png', 'ETH_3_f5716e65d1a4383d050c5fd8970abde2.png']"
ETH,0,0,-1,-1,0,0,1,0,1,-1,NA,"['ETH_15_64831a10303c85284badca7587bdcc63.png', 'ETH_3_60cf947a8e0130e4f1f36f618ae85d24.png']"
ETH,1,0,-1,-1,0,1,0,0,0,-1,NA,"['ETH_15_9cb05983f467b24ca94f0214d0463bad.png', 'ETH_3_6b348109ee2486e73a439d048a7c26b9.png']"
ETH,0,0,-1,-1,0,0,1,0,0,-1,NA,"['ETH_15_19aa3bbd55dbc8a89c75bb2a68ed2fd6.png', 'ETH_3_d56e5bef87796524b1b284363f82bc4b.png']"
ETH,1,0,-1,-1,0,0,1,0,1,-1,NA,"['ETH_15_293f5d90947e234e6885cc58dc51b802.png', 'ETH_3_c61b43e8cd00b8de66dafc0a98d3e6e5.png']"
ETH,1,0,-1,-1,0,1,0,0,0,-1,NA,"['ETH_15_b36b98aacccf53906b109b2845a3704d.png', 'ETH_3_b33fd3ad6fedeaa3895be88cb6c8a8b3.png']"
ETH,1,0,-1,-1,0,1,0,0,1,-1,NA,"['ETH_15_f0e39398709ce3376c217c460151b982.png', 'ETH_3_9c428bc9e2f6f4f9dce13686c79e94e6.png']"
ETH,0,1,-1,-1,0,0,1,0,0,-1,NA,"['ETH_15_5a8e2a5628892c1977dbcd8bf1e9e195.png', 'ETH_3_c146e2b35c79d5cc90c5ae2dfdf2352b.png']"
ETH,1,0,-1,-1,0,1,1,0,1,-1,NA,"['ETH_15_1bc3320b26e5303476a36f4387e99e4c.png', 'ETH_3_59ae4784c7e4899fa4192fbbcfc3b93b.png']"
ETH,0,1,-1,-1,0,1,0,0,0,-1,NA,"['ETH_15_822ab852798c5b281e7c2ba721819544.png', 'ETH_3_556e90e29930384c927186806d83fbb0.png']"
ETH,0,0,-1,-1,0,0,0,0,1,-1,NA,"['ETH_15_9ff9bd99aecdedbc27c50c9c3e9653ea.png', 'ETH_3_7fcad26107eddea87f02676291a7e681.png']"
ETH,0,0,-1,-1,1,0,1,0,0,-1,NA,"['ETH_15_c2ad356069fe295e21e2e4ee7d07ba4a.png', 'ETH_3_3e69ab00aa282ac3ad8a2391cf449384.png']"
ETH,1,0,-1,-1,0,1,0,0,0,-1,NA,"['ETH_15_6bf671d1fec069f5b13585390dcc3889.png', 'ETH_3_688b92feadcdfd3ace99ff2579cfa69d.png']"
ETH,1,0,-1,-1,0,0,0,0,1,-1,NA,"['ETH_15_f5ed3c6334b31a1b545f5c62050106a8.png', 'ETH_3_ef7261099e06b53acfe146fe7f4c5e78.png']"
ETH,0,0,-1,-1,0,1,0,0,0,-1,NA,"['ETH_15_1da68f6c4a9c2203baf251fb8b4b3cf2.png', 'ETH_3_9d9a601dcf7996f75a057ba94542867e.png']"
ETH,0,0,-1,-1,0,0,0,0,1,-1,NA,"['ETH_15_ab12b88301955700bdca8474f74c2592.png', 'ETH_3_ba2469602f9278f1cffb3009493c581d.png']"
ETH,0,0,-1,-1,1,0,1,0,0,-1,NA,"['ETH_15_e75df04abd35d07458661714e20e19cc.png', 'ETH_3_2e82295d7fc305a790a1009394aafbb3.png']"
ETH,0,1,-1,-1,0,1,0,0,0,-1,NA,"['ETH_15_4fa4e8d6a73d557170d2766e50eb5e4d.png', 'ETH_3_827847c1fb0666fe796b94c60f4b59ad.png']"
ETH,0,0,-1,-1,0,1,0,0,0,-1,NA,"['ETH_15_5bddd3490feceb9d288fc739c60bbf6a.png', 'ETH_3_7bdb751f06c4b718ae8323e888661b05.png']"
ETH,0,1,-1,-1,0,0,1,0,0,-1,NA,"['ETH_15_643ecdf5d5c142370875824ab83c31d9.png', 'ETH_3_82fb02090cfed94a5706eff927e13cc7.png']"
ETH,0,0,-1,-1,0,0,1,0,0,-1,NA,"['ETH_15_092a18a2dd8ee685f1a7857dd55a56bd.png', 'ETH_3_b2deb0dc47b82b355ad6ea7783af0016.png']"
ETH,1,1,-1,-1,0,0,1,0,0,-1,NA,"['ETH_15_8fcc13209860daf825c06ed7cd8c9f50.png', 'ETH_3_da0bb93c70884257c7231e6167c6c82f.png']"
ETH,0,0,-1,-1,0,1,0,0,0,-1,NA,"['ETH_15_85bf053359a11a7d8e0759cc969430d5.png', 'ETH_3_8ae18b39c0bf0f22f7465b4cb30cb7ae.png']"
ETH,0,0,-1,-1,0,0,1,0,0,-1,NA,"['ETH_15_69914f0efb61311203d12280e704a9ab.png', 'ETH_3_167511f4961a67df21682c7e39fb28bb.png']"
ETH,0,0,-1,-1,0,1,0,0,0,-1,NA,"['ETH_15_4d41b0f0315c159edf8c3d7f65efe328.png', 'ETH_3_703e04fc10681f6ac8f42ebc3b726f75.png']"
ETH,1,0,-1,-1,0,1,0,0,0,-1,NA,"['ETH_15_b90af5cf784874530304e94aa114d3c5.png', 'ETH_3_176ed661e588e905fc69c46de3a800d4.png']"
ETH,0,0,-1,-1,0,1,0,0,1,-1,NA,"['ETH_15_1d75b37441a78387aefdb52f016435fc.png', 'ETH_3_bf42797fa403bb6b6d631cfa35158577.png']"
ETH,1,0,-1,-1,0,1,0,0,1,-1,NA,"['ETH_15_a41324177b9263856a87642c1f0f947f.png', 'ETH_3_bc1830f0903f60c86c90f70a733e0df9.png']"
ETH,1,0,-1,-1,1,0,1,0,0,-1,NA,"['ETH_15_07dc3208e1d2b6d4f845620c51a29dc4.png', 'ETH_3_b51723d3a980a3125c40db30dcd32d87.png']"
ETH,0,1,-1,-1,0,0,1,0,0,-1,NA,"['ETH_15_7da3b62adef3e9fb853643ec46ac0c4b.png', 'ETH_3_ca2cc619324a99643b63ada3c0df07fb.png']"
ETH,1,0,-1,-1,0,0,1,0,0,-1,NA,"['ETH_15_1cdb363b3a26a6641d57d408dbb2856d.png', 'ETH_3_a67b38faa4971cf4f791ae9c21e0ba2d.png']"
ETH,1,0,-1,-1,0,0,1,0,0,-1,NA,"['ETH_15_f0fdc33343275ca4170b013a5738da08.png', 'ETH_3_cb479677f9f445870336d8999fbd9461.png']"
ETH,0,0,-1,-1,0,1,1,0,0,-1,NA,"['ETH_15_362df4e285c87e3523345951db49b225.png', 'ETH_3_79fae46bb494e0a895ba4d0cc940ad8d.png']"
ETH,0,0,-1,-1,1,0,1,0,0,-1,NA,"['ETH_15_5e4184ad85bf201b36453f21ddb0eee7.png', 'ETH_3_aaec44c1f924e771a1d80cd1d61fb1ef.png']"
ETH,0,0,-1,-1,0,1,0,1,0,-1,NA,"['ETH_15_7fa17fad5939f4c12d77f822245b9c86.png', 'ETH_3_86104d1227c2e4af8e3b3b3e97fd58ff.png']"
ETH,1,0,-1,-1,0,1,0,0,1,-1,NA,"['ETH_15_34e4cbbbc40ba1f20cb6769ef870ef0f.png', 'ETH_3_eefa2e89abba613b5eef3e007e0cec92.png']"
ETH,0,1,-1,-1,0,0,1,0,0,-1,NA,"['ETH_15_f804b75b898f4a340ee79dd5c4a9f640.png', 'ETH_3_6d1c8bbe7d8f8421e90ef72d95fa6082.png']"
ETH,1,0,-1,-1,0,0,0,0,1,-1,NA,"['ETH_15_5930ae82d1c9663e9ace9cea72ca616b.png', 'ETH_3_6a077d06d74d75e5747925f1808d913f.png']"
ETH,0,0,-1,-1,0,1,0,0,0,-1,NA,"['ETH_15_69324887e0f247761a801498d1483604.png', 'ETH_3_6effe877c505a4dc3b9abdea98cc6ae1.png']"
ETH,1,0,-1,-1,0,1,0,0,1,-1,NA,"['ETH_15_182f5f9a60e33d2d1d6082db2443ca29.png', 'ETH_3_8f30c7479c4262cfb3e6056592f4a682.png']"
ETH,1,0,-1,-1,0,0,0,0,1,-1,NA,"['ETH_15_02290aeb47668f4aea9db87ef7532063.png', 'ETH_3_d02aaf06b77f3c802145b01941888ab5.png']"
ETH,1,0,-1,-1,1,0,1,1,0,-1,NA,"['ETH_15_7a583b70b20c793533e0abf064c1e02a.png', 'ETH_3_bcb2225a33a8b6d7b08696b23f145b85.png']"
ETH,0,1,-1,-1,0,0,1,0,1,-1,NA,"['ETH_15_027ce88e537174c24292f6d1fe8112f0.png', 'ETH_3_bc70621554193a93208ddd43bcdbc308.png']"
ETH,0,0,-1,-1,0,1,1,0,1,-1,NA,"['ETH_15_0efeea081163e6e8ce879cf29fd04f7a.png', 'ETH_3_21df41db9e7e29067f39b098be69e29a.png']"
ETH,0,1,-1,-1,0,0,1,0,0,-1,NA,"['ETH_15_6e83a049e15802eadf0d140f0b72bbb5.png', 'ETH_3_6a6177bdc792f22b34f4b52bd45920cf.png']"
ETH,0,1,-1,-1,1,0,1,0,0,-1,NA,"['ETH_15_70204af49df7c45b301b0d67449822ec.png', 'ETH_3_417f21b53118873df9a3ae630fcf963d.png']"
ETH,0,1,-1,-1,0,0,1,0,0,-1,NA,"['ETH_15_20e2cddf976c5f540b24fcea7f6af1c3.png', 'ETH_3_0f67325a7bf2da46e0e83eb353216b14.png']"
ETH,1,0,-1,-1,0,0,1,0,0,-1,NA,"['ETH_15_a7bb788a801a03c7e0cbf6525e3c1933.png', 'ETH_3_0eedbf077b1f7c1d5519dec118475fa3.png']"
ETH,0,0,-1,-1,0,1,0,1,0,-1,NA,"['ETH_15_0e6bfbdcfa289f346adfbe24344221ee.png', 'ETH_3_af7f7ba14c1801918245d3e1e732c6e2.png']"
ETH,1,0,-1,-1,0,1,1,0,1,-1,NA,"['ETH_15_a7886a9c5c4f169b2c815493d7f31bba.png', 'ETH_3_821a7c0070ce3f21d3c6cc652dd048cb.png']"
ETH,0,0,-1,-1,0,1,0,0,0,-1,NA,"['ETH_15_8cb903e82f08e7fd930653b7742e25be.png', 'ETH_3_07b9ad43b329e3185a9c868dfddbcbf7.png']"
ETH,0,1,-1,-1,0,1,0,0,0,-1,NA,"['ETH_15_cee30cf9a4bdf98f736a21798ba02adf.png', 'ETH_3_a22ef36256fd6f5589aea7f27d7b9a62.png']"
ETH,1,0,-1,-1,0,0,0,0,1,-1,NA,"['ETH_15_56636208c973b2b9e2c1722a70b1aebc.png', 'ETH_3_14634dcf9ca4a441b871ff5fbf3bd910.png']"
ETH,0,0,-1,-1,0,1,0,0,0,-1,NA,"['ETH_15_1c074d564aa953dd5ae264e8ec008759.png', 'ETH_3_61c5f672e1dabbc66475cc802f385a38.png']"
ETH,1,0,-1,-1,0,0,0,0,0,-1,NA,"['ETH_15_99ca2d2001178251f128bb99ade8de9c.png', 'ETH_3_980d99385206c2517a06148748bdaa1d.png']"
ETH,0,0,-1,-1,0,0,0,0,1,-1,NA,"['ETH_15_d69e65cac5104d857f3a7e5cd99c7dc4.png', 'ETH_3_5f8882488238d159420eb6e780bd64a6.png']"
ETH,0,0,-1,-1,0,0,0,1,1,-1,NA,"['ETH_15_40708a3440507c3aa0db9db3c9512f7e.png', 'ETH_3_0dbe83597cd68271de222a79fd8175a4.png']"
ETH,0,1,-1,-1,0,0,1,0,0,-1,NA,"['ETH_15_9e95ca09da6d6044c8a9251919d0a311.png', 'ETH_3_60264453e4b933ef392f79e418009885.png']"
ETH,0,1,-1,-1,0,0,1,0,0,-1,NA,"['ETH_15_f31697adea38f7dc829c672e9fc671cc.png', 'ETH_3_42cf05d86ad4fcbc85698a429d80062c.png']"
ETH,0,1,-1,-1,0,0,1,0,0,-1,NA,"['ETH_15_d660087f6ab3279813934907dc00e5c1.png', 'ETH_3_2f8b64a0a25fcde026bd81540473f9d7.png']"
ETH,1,1,-1,-1,0,0,1,0,0,-1,NA,"['ETH_15_58e32e25bc31b6cb67c473e13ba8251e.png', 'ETH_3_f355cf376fcf369d8db31426a43c0904.png']"
ETH,1,1,-1,-1,0,0,1,0,0,-1,NA,"['ETH_15_19b59d938721b26f9418a01b26d3b197.png', 'ETH_3_ce1d695656163a2731adaac6e49e9b85.png']"
ETH,0,1,-1,-1,0,0,1,0,0,-1,NA,"['ETH_15_65421b59e15b3f8e2e022ccb9d25ecc6.png', 'ETH_3_20f54a5820b75c0eda6b58f58cda367d.png']"
ETH,1,0,-1,-1,0,0,1,0,1,-1,NA,"['ETH_15_c16b8e6519870555b1bb74fb9a980976.png', 'ETH_3_89d54f10d9d03d135fd740a143a89a8c.png']"
ETH,1,1,-1,-1,0,0,1,0,0,-1,NA,"['ETH_15_afee677739c0dfa44ef92164fe9adedd.png', 'ETH_3_2e8fc8921eb0a87a18ea25601ab2b578.png']"
ETH,1,0,-1,-1,0,1,1,0,1,-1,NA,"['ETH_15_38179164d55bb344ff32dc30c76ac581.png', 'ETH_3_82221cc0930069234fc538458ae2675d.png']"
ETH,0,0,-1,-1,0,1,0,0,0,-1,NA,"['ETH_15_b4291cceaa089d6f9bc0b8c63fe2b592.png', 'ETH_3_3ae82f03963ff3e59c8306b5b6c30dd5.png']"
ETH,0,0,-1,-1,0,0,1,0,0,-1,NA,"['ETH_15_07efdc7ad019f81588e813bb5453867f.png', 'ETH_3_d00d31827d1b100ec85cfbdf3d5621e0.png']"
ETH,0,0,-1,-1,1,0,1,0,0,-1,NA,"['ETH_15_75e6e864942434989c04a02a14facaf7.png', 'ETH_3_67746373a28e9d2e434a467c2f1a78c2.png']"
ETH,0,0,-1,-1,0,1,0,0,0,-1,NA,"['ETH_15_b7ee5966dba0430f0ca8fe9b4f199875.png', 'ETH_3_6c4052aa9e0d17ef382a6a3013f424cb.png']"
ETH,1,1,-1,-1,0,0,0,0,0,-1,NA,"['ETH_15_40534b237dfe152ae2d7a89f296228bc.png', 'ETH_3_0fc45788b8b757a7fdf4c645bfca1000.png']"
ETH,1,0,-1,-1,0,1,0,0,1,-1,NA,"['ETH_15_d23e9f9f225ec42324ee900ef791aead.png', 'ETH_3_0b4f09794fc6095e2a3579bbdf0338ac.png']"
ETH,1,0,-1,-1,0,0,1,0,0,-1,NA,"['ETH_15_056f76a4e18867b4ab5ddecc908f6df9.png', 'ETH_3_dbe51ac0203895f7209ba1ba5e3a2396.png']"
ETH,0,0,-1,-1,1,0,1,0,0,-1,NA,"['ETH_15_fed6ccab68cb407b060d2935fcfaa024.png', 'ETH_3_fbf8a2dad6b3bf3573ba975c137d8e93.png']"
ETH,1,0,-1,-1,0,0,1,0,0,-1,NA,"['ETH_15_0372324109a39ef4a2e0fa2000fa18b7.png', 'ETH_3_51cde8db7f95a91562a33a15d5792af3.png']"
ETH,0,0,-1,-1,0,1,0,0,0,-1,NA,"['ETH_15_c7c5aed79bddbded637b2569bfa6080c.png', 'ETH_3_bd0b8aa76629efa99685bb8c12e70443.png']"
ETH,1,0,-1,-1,0,0,1,0,0,-1,NA,"['ETH_15_3084404950c8a26b854856414f3800a4.png', 'ETH_3_3a377c0aaf1cee9de124f483195548c6.png']"
ETH,0,0,-1,-1,0,1,0,1,0,-1,NA,"['ETH_15_14f5b490a5cf98ceeca4351badfd1fd2.png', 'ETH_3_7eecca1578da55c9b8e308cee2802651.png']"
ETH,0,0,-1,-1,0,1,0,0,0,-1,NA,"['ETH_15_e07a05199a69a55ceff17279d48093a6.png', 'ETH_3_753fcf58a58b33b989e0e4078ad39e67.png']"
ETH,0,0,-1,-1,1,1,1,0,0,-1,NA,"['ETH_15_ad24c3713e4d8d09081237dcec875cb9.png', 'ETH_3_e9d16fbf244e454b705116f41466ce60.png']"
ETH,1,0,-1,-1,0,0,0,0,1,-1,NA,"['ETH_15_fa90834b8c61831c5f0031f548c28c03.png', 'ETH_3_c0ad116cbfaa93505b7a9ec0b3f16433.png']"
ETH,0,0,-1,-1,0,1,0,1,0,-1,NA,"['ETH_15_024c7a1353de3339a91f12b2a32031fe.png', 'ETH_3_072bb1d0da8f5cab0ce963e9269c3c3c.png']"
ETH,1,0,-1,-1,0,0,1,0,1,-1,NA,"['ETH_15_2d282865a74dbf1dc2725ee2960b3cae.png', 'ETH_3_132c71009e4359767e615809048a1f1a.png']"
ETH,1,0,-1,-1,0,0,1,1,0,-1,NA,"['ETH_15_63faa8f09215a5769da9ed7bd7cc366f.png', 'ETH_3_2bade1361db8e534c73d080a5b247f3a.png']"
ETH,0,1,-1,-1,0,0,1,0,0,-1,NA,"['ETH_15_8dff40077ea568c13373a7c395f728c8.png', 'ETH_3_8c2d9771267b9bee010157cd87677230.png']"
ETH,0,1,-1,-1,0,0,1,0,0,-1,NA,"['ETH_15_5738847d75dd88fb5cb25d6830dd8bdc.png', 'ETH_3_a35e560d991e715bbb820ad5245de866.png']"
ETH,0,0,-1,-1,0,1,0,0,0,-1,NA,"['ETH_15_5c82cb9c1c5ed429e91ee1a780bf8573.png', 'ETH_3_a6e90f7461f93ba44f961456ff7c8d59.png']"
ETH,0,0,-1,-1,0,0,0,0,1,-1,NA,"['ETH_15_fe598c8be39541d4e4bcd6e5f4823717.png', 'ETH_3_57ab6bfe9ebeb13c0ff20700a50dcced.png']"
ETH,0,0,-1,-1,0,1,1,1,0,-1,NA,"['ETH_15_a3d15bb02f44304c38837a05c3bf5ae9.png', 'ETH_3_c9feb83967c2e775170804c25bf66f10.png']"
ETH,1,0,-1,-1,0,0,0,0,1,-1,NA,"['ETH_15_b8c6de556563baca3904910e8fc420db.png', 'ETH_3_314dbd8247a4cdb5d9f7779184037668.png']"
ETH,1,0,-1,-1,1,1,1,0,0,-1,NA,"['ETH_15_b2d33628b3cc9ecba3c610fb6ef61938.png', 'ETH_3_dba951416b3d56b386ce9b0b34713a79.png']"
ETH,0,0,-1,-1,0,1,1,0,1,-1,NA,"['ETH_15_654bf7f21f890323daa9361f7cf041d9.png', 'ETH_3_fb1b522d3d6abf867f1f8126665a0581.png']"
ETH,0,0,-1,-1,1,1,1,0,0,-1,NA,"['ETH_15_f2b4e7a72d42c59bef85ccd1e919f05a.png', 'ETH_3_58e4b6d18b652dd5cb0fb983b487393b.png']"
ETH,1,0,-1,-1,0,0,0,0,1,-1,NA,"['ETH_15_c6a9f721bb9d80616cde30d1752ba89c.png', 'ETH_3_51d394df29f10d60c19659fcb95839c0.png']"
ETH,0,0,-1,-1,0,1,0,0,1,-1,NA,"['ETH_15_2b9e977e959642cb0c57f6505c361f1c.png', 'ETH_3_56904a16821bb9bcd976208b3a50e10d.png']"
ETH,1,0,0,0,0,0,0,0,1,-1,NA,"['ETH_15_83c55cbbf5ad2a1745c1cb336253010a.png', 'ETH_3_5b49355b4736594740eaa1398d984240.png']"
Rook_ETH,0,0,0,0,0,0,1,0,1,-1,-,"['Rook_ETH_15_0573481d50dfed3783de0f33ab01a009.png', 'Rook_ETH_3_1ba6030235ecf512aaf85a3867c33e2b.png']"
Rook_ETH,1,0,1,1,0,0,0,0,0,-1,-,"['Rook_ETH_15_4a90dc210905ecb49837655e75863b01.png', 'Rook_ETH_3_c41a394da98f7067f7d4326bf08e4987.png']"
Rook_ETH,0,0,1,0,1,0,0,0,0,-1,-,"['Rook_ETH_15_4b5544cee6fc00a43e71d88bebc11f30.png', 'Rook_ETH_3_fb898bf9159aedb45119519cc51dc0f0.png']"
Rook_ETH,0,0,1,1,1,0,1,0,0,-1,-,"['Rook_ETH_15_5229d6a69bdaf9dd39bdd22984fadfc9.png', 'Rook_ETH_3_e6eb19e78d0dfbc5441a379afb035ee6.png']"
Rook_ETH,0,0,0,1,1,0,0,0,0,-1,+,"['Rook_ETH_15_bbff82956343dd915303a1f973df8686.png', 'Rook_ETH_3_8bd25e631af2a0c05043c4e4cc320ec7.png']"
Rook_ETH,0,0,1,1,0,0,0,0,0,-1,+,"['Rook_ETH_15_bac8151b99a0e953927a6ab09c2f680e.png', 'Rook_ETH_3_e50b7af2f7e9f7ba0408853e8546a1f9.png']"
Rook_ETH,1,0,0,0,0,0,1,0,0,-1,-,"['Rook_ETH_15_ca18f1383fd7575e5b25c30fcd4d3a87.png', 'Rook_ETH_3_b2204202ef9012edceee5a72ec9ae7cb.png']"
Rook_ETH,1,0,0,0,0,1,1,0,0,-1,-,"['Rook_ETH_15_0c8e2d0469669fece09845dd52eabf05.png', 'Rook_ETH_3_617364bfade19d0a984d3bfd4419faa0.png']"
Rook_ETH,0,0,1,0,0,0,0,0,0,-1,-,"['Rook_ETH_15_4e35b9f4f9139f837ae59bcbe49bc8ea.png', 'Rook_ETH_3_b85c16240c0252e7fef9242615bd9b00.png']"
Rook_ETH,0,0,1,0,0,0,1,0,0,-1,-,"['Rook_ETH_15_c8a593356f7f70e43511b9cad9513b57.png', 'Rook_ETH_3_e64275935363df77a1bb6ff993416e1f.png']"
Rook_ETH,1,1,0,1,0,0,1,0,0,-1,+,"['Rook_ETH_15_649634ddbb3d18d27e6805b254bfbf78.png', 'Rook_ETH_3_3ad8b578de1dbd370103a6d80899a98b.png']"
Rook_ETH,0,0,0,1,0,0,1,0,0,-1,-,"['Rook_ETH_15_179cdac460018799ec366e1f0a8835b3.png', 'Rook_ETH_3_3ed0da943801ecc0fdb5c1ad26698c25.png']"
Rook_ETH,0,1,0,0,0,0,1,0,0,-1,+,"['Rook_ETH_15_88b072ae5962e727f99bde109660a585.png', 'Rook_ETH_3_49fae427b0441fdcf51eca646c6c2cb5.png']"
Rook_ETH,0,0,0,0,0,0,1,0,0,-1,+,"['Rook_ETH_15_4edaded10d48b84deb71cb8f330f6fb1.png', 'Rook_ETH_3_15cc1cc44d39d7d83aaf2a9244674217.png']"
Rook_ETH,0,1,0,0,0,0,1,0,0,-1,-,"['Rook_ETH_15_07c827b0e395e0c2519b63dbbde4b9dd.png', 'Rook_ETH_3_55a4b31b639b912f2f3f36929601da61.png']"
Rook_ETH,0,0,1,0,0,0,0,0,0,-1,+,"['Rook_ETH_15_3b97611675ba0a95858fce08ab29917e.png', 'Rook_ETH_3_458a732845b46d6287007b0477f42716.png']"
Rook_ETH,0,0,1,0,0,0,1,0,1,-1,-,"['Rook_ETH_15_83318723c9090b8bdc1799d38397d676.png', 'Rook_ETH_3_b3cb99382cdf949c0f63e132e785072c.png']"
Rook_ETH,0,0,0,1,0,0,1,0,0,-1,+,"['Rook_ETH_15_7a8b949560aad64e200bbcb4e5f25d46.png', 'Rook_ETH_3_8ba7c43e40468d7c44883a3697c53ad4.png']"
Rook_ETH,0,0,0,0,1,0,1,0,0,-1,-,"['Rook_ETH_15_cf1720035831365b9c4c599784d711e5.png', 'Rook_ETH_3_c454554107f805dbb2943089a3940e22.png']"
Rook_ETH,0,0,1,1,1,0,1,0,0,-1,+,"['Rook_ETH_15_e58be8587b592452326b3d2ead6e06b1.png', 'Rook_ETH_3_a5fa5d3d4b6fb4583d7c212a876bf2d8.png']"
Rook_ETH,0,0,0,0,0,0,1,0,0,-1,-,"['Rook_ETH_15_0ddf5afbafaa9fc6462d2827ed03e657.png', 'Rook_ETH_3_5a93995708bc765c20316702755f671e.png']"
Rook_ETH,0,0,1,1,0,0,1,0,0,-1,+,"['Rook_ETH_15_12e22efaa4d790abf4007d7df47e0238.png', 'Rook_ETH_3_9fc08a7602de4a8261f3b33f4bd89d93.png']"
Rook_ETH,0,0,1,1,0,0,1,0,0,-1,+,"['Rook_ETH_15_cba45e652c0b36183ac0641e936320c1.png', 'Rook_ETH_3_ec64ca025657179e2b9f9bd24c2a91d8.png']"
ZVZ_ETH,1,0,1,0,0,0,1,0,1,-1,+,"['ZVZ_ETH_15_a977c29bdeba5cc773ab492c0c335fd2.png', 'ZVZ_ETH_3_22b559068bd2915710adcdf700a6b224.png']"
ZVZ_ETH,1,1,1,0,0,0,0,0,0,-1,+,"['ZVZ_ETH_15_1ca56a1e4f244d6fa306e177bc1531bd.png', 'ZVZ_ETH_3_e5373bb9964d954019bf8f567f59f267.png']"
ZVZ_ETH,1,1,0,0,0,0,0,0,0,-1,+,"['ZVZ_ETH_15_81088278022a1e0ab0255826963d9f68.png', 'ZVZ_ETH_3_9b0e27b2c2cfe66908310615b55bb705.png']"
ZVZ_DOT,1,0,1,0,0,0,0,0,0,-1,+,"['ZVZ_DOT_15_1838b420c516cf4cdd314a9a8ff5378a.png', 'ZVZ_ETH_3_ac5f0eb4f9d1b600d36b38f396ed210d.png']"
ZVZ_DOT,1,0,0,0,0,0,0,0,0,-1,+,"['ZVZ_DOT_15_54f304e27b100e8311834bfd505835a1.png', 'ZVZ_DOT_3_132ce35a8c81ab888f7fdef62ab7635d.png']"
ZVZ_Si,1,0,1,0,0,0,1,0,0,-1,+,"['ZVZ_Si_15_47f5ab7f204fd695509829e2b0f2bb03.png', 'ZVZ_DOT_3_7b48db98fed0401909b3eecb4fbfa014.png']"
ZVZ_Si,0,0,1,0,0,0,1,0,1,-1,+,"['ZVZ_Si_15_6d8e2f1885dfb933f1d77f50e18aa505.png', 'ZVZ_Si_3_3183d2d0c087c3dbca4579f53e4022d1.png']"
ZVZ_Si,1,0,0,0,0,0,0,0,0,-1,+,"['ZVZ_Si_15_6abb04528fb40d97e8cedbecce3e21bf.png', 'ZVZ_Si_3_e3a9f4581eafc7521454cefcb34f0bdf.png']"
ZVZ_Si,0,0,1,0,0,0,0,0,1,-1,+,"['ZVZ_Si_15_64735c7a35fa0e53366d8af96e8a955a.png', 'ZVZ_Si_3_e268f6826aa07a21657f651dea358dc1.png']"
Rook_ETH,0,0,1,0,0,0,0,0,1,-1,-,"['Rook_ETH_15_924088f60b50e6e706a3d4d6b066719f.png', 'Rook_ETH_3_25a174f517f4160b0afad5aca75d634a.png']"
Rook_ETH,0,1,1,0,0,0,0,0,0,-1,-,"['Rook_ETH_15_e4e9a9a06fe2c65989459b77c47785db.png', 'Rook_ETH_3_df22b90a0649b3a8fd25720a8dd14e79.png']"
Rook_ETH,1,1,1,0,0,0,1,0,0,-1,+,"['Rook_ETH_15_ed956899d3358769da391343e1c51cd0.png', 'Rook_ETH_3_ef00ce82ca9e884ed53f85784da9f22d.png']"
Rook_ETH,0,0,0,0,0,0,0,0,1,-1,+,"['Rook_ETH_15_c825b53bcc3240a5976e25cb9e393343.png', 'Rook_ETH_3_ae2287694312e8c3e3c9e0593697ac17.png']"
Rook_ETH,0,0,1,0,0,0,0,0,0,-1,+,"['Rook_ETH_15_221a85b3bab29a8999ee8cb948b84f33.png', 'Rook_ETH_3_e3b0b946ba339542fdaa4c4b10a24099.png']"
Rook_ETH,0,0,1,1,0,0,0,0,0,-1,+,"['Rook_ETH_15_4d25ba525db798fbd10a375d926e4914.png', 'Rook_ETH_3_2c10fc87f1773072d85c882725bddabc.png']"
Rook_ETH,0,1,1,0,0,0,1,0,0,-1,-,"['Rook_ETH_15_ba369849c03cfbd78c1902aa04d752e7.png', 'Rook_ETH_3_8fd99354996a35314fc6bf75b879422b.png']"
Rook_ETH,0,1,0,0,0,0,1,0,0,-1,+,"['Rook_ETH_15_ad3b563080134a47a61b549d6fca79f8.png', 'Rook_ETH_3_4bef366d990cfb6a59db23d6a46c4870.png']"
Rook_ETH,0,1,1,0,0,0,1,0,0,-1,-,"['Rook_ETH_15_706621ca6cbf896639836da5d2167ef6.png', 'Rook_ETH_3_395eb32e2e44d44a6a5f8bc736e7e822.png']"
Rook_ETH,0,0,0,0,1,1,0,0,0,-1,-,"['Rook_ETH_15_03fbe10fa75e1269461e7409c7e471e0.png', 'Rook_ETH_3_5cd2b23f283a921cb40fd79fcc7cdf85.png']"
Rook_ETH,0,1,0,0,0,0,0,0,0,-1,+,"['Rook_ETH_15_43b069b00ad70ea9b28a1976244be43f.png', 'Rook_ETH_3_ffc7e50e796fb5e818ba291021e8cc7c.png']"
Rook_ETH,0,1,1,0,0,0,1,0,0,-1,-,"['Rook_ETH_15_1d315cf58a2ced864040cb146fc86bd9.png', 'Rook_ETH_3_63fe2cd70dda630431483ef99471d791.png']"
Rook_ETH,0,0,1,0,0,0,1,0,0,-1,+,"['Rook_ETH_15_b48cde6c839816f29906ecb398666eab.png', 'Rook_ETH_3_9158f357e5010d4227b1e257ab3f3f7e.png']"
Rook_ETH,1,0,0,0,1,0,1,0,0,-1,-,"['Rook_ETH_15_763a7a27c62f4371b9a5d8bf13fc7c7b.png', 'Rook_ETH_3_86e86d9347ace2df3ddafee223419e64.png']"
Rook_ETH,1,0,0,0,0,0,0,0,1,-1,-,"['Rook_ETH_15_4aacf92178b9eb8fce8c7b2bfaf378d0.png', 'Rook_ETH_3_c62f705ee7e3231101ebbdfa32c07e7e.png']"
Rook_ETH,0,1,1,0,0,0,0,0,0,-1,+,"['Rook_ETH_15_a50955511e3e48b3f723c187fc09b5cd.png', 'Rook_ETH_3_58566ed424540fab9cc5ed6c3749b09a.png']"
Rook_ETH,0,1,1,0,0,0,1,0,0,-1,+,"['Rook_ETH_15_5022bd0931018812b807adaac861786a.png', 'Rook_ETH_3_ed9ef1911ab72fc9e80b889a704e5dba.png']"
Rook_ETH,1,0,0,0,0,0,0,0,1,-1,+,"['Rook_ETH_15_288c0705de0f6dac6c14e32fee582008.png', 'Rook_ETH_3_17288edf3b011e0444f3c0ee6fa4939d.png']"
Rook_ETH,0,1,1,0,0,0,0,0,0,-1,+,"['Rook_ETH_15_e6b33feeaae6c90f4f4d976909d6ebd2.png', 'Rook_ETH_3_1f0cfce55c9fcb4ac1fc1ded86b6ad44.png']"
Rook_ETH,0,0,0,0,1,0,0,0,1,-1,-,"['Rook_ETH_15_6697790f04124c09b3fdf87ecc511d50.png', 'Rook_ETH_3_7933363fb3b276a5cfb208b49ae1d0f9.png']"
Rook_ETH,0,1,0,0,1,0,0,0,1,-1,-,"['Rook_ETH_15_08c0ed35d5273cbc3c57d77a6c74d234.png', 'Rook_ETH_3_42ad20425685def271e5e46db37ead88.png']"
Rook_ETH,0,0,0,1,1,0,0,0,0,-1,+,"['Rook_ETH_15_b4b6c0b7afd1967e44cd17936dfb39fe.png', 'Rook_ETH_3_58891f6e6a54d85fbadf5ba448d6eb52.png']"
Rook_ETH,0,0,0,0,1,1,0,0,1,-1,-,"['Rook_ETH_15_937e036012e44032ea3e2fba5fb466e0.png', 'Rook_ETH_3_d5a2a3b6d872335d7872d00e6e3ecd23.png']"
Rook_ETH,1,0,1,0,1,0,0,0,0,-1,-,"['Rook_ETH_15_3456cfdf154b930f04ff8edd75f0bd2c.png', 'Rook_ETH_3_570a01f3e12e6b75e892a084fa8a1c71.png']"
Rook_ETH,1,0,0,1,0,1,0,0,0,-1,+,"['Rook_ETH_15_c90c7572867d0952d45f13316f539c08.png', 'Rook_ETH_3_280e6686b8002c442a2024e6f955b60f.png']"
Rook_ETH,1,0,1,0,1,0,1,0,0,-1,-,"['Rook_ETH_15_b7dfe2af71fa718eab3664f20ff2aac4.png', 'Rook_ETH_3_010f5d0764b08179df66d5bf67e51cf0.png']"
Rook_ETH,0,0,1,1,0,0,1,0,0,-1,+,"['Rook_ETH_15_fb3d57c572955f5b09ac1cebdd2e4e25.png', 'Rook_ETH_3_339459307c3e752cc7965e3192ff21a6.png']"
Rook_ETH,0,0,1,0,0,1,0,0,0,-1,+,"['Rook_ETH_15_deea003675c430039ccc3e9b41edc16b.png', 'Rook_ETH_3_e9fc96c2ab5c890518392f0f37e0c7e2.png']"
Rook_ETH,0,0,1,0,0,0,0,0,0,-1,-,"['Rook_ETH_15_d4e7cd035f9b7f525f3b700de2f9c48d.png', 'Rook_ETH_3_b78046f2adb42d3da9a4316ffe8a535a.png']"
ZVZ_XRP,1,0,0,0,0,0,0,0,0,-1,+,"['ZVZ_XRP_15_1fc950fe4190ca5a9cdcf49e58c1ecb9.png', 'ZVZ_XRP_3_2679555a46a471f565dbfef01593f615.png']"
ZVZ_XRP,1,0,1,0,0,0,1,0,0,-1,+,"['ZVZ_XRP_15_2020d60f1475ef1ea526f18cd0f0b6af.png', 'ZVZ_XRP_3_db8e7ba6d670f37bdbaa13b023a5e468.png']"
ZVZ_XRP,0,1,0,0,0,0,0,0,0,-1,+,"['ZVZ_XRP_15_4201a094a050539b39ede7ba842f596d.png', 'ZVZ_XRP_3_489914199e87f06c368e914cc46d055f.png']"
ZVZ_Si,0,0,1,0,0,0,1,0,0,-1,+,"['ZVZ_XRP_15_d2da61aa249189a952036921a038856f.png', 'ZVZ_XRP_3_96fbd364b9942e2328f35b0bd7a1e63d.png']"
ZVZ_Si,0,0,1,0,0,0,0,0,0,-1,+,"['ZVZ_Si_15_515c2f6243ca9bc1d80f8ae06c207e0b.png', 'ZVZ_Si_3_e5bc4b04097d441ffd77c820d1f9bf92.png']"
Rook_ETH,0,1,0,1,0,0,1,0,0,-1,+,"['Rook_ETH_15_592d6d5290182f093734d1dd1bfc7de7.png', 'Rook_ETH_3_09947b3dec304515afa1d760ae982855.png']"
Rook_ETH,0,0,0,0,0,1,0,0,0,-1,+,"['Rook_ETH_15_fde57fcbde3e78746b801148864d553f.png', 'Rook_ETH_3_e0aeabaef26d8641bc079b7746ace0b5.png']"
Rook_ETH,1,0,0,0,0,1,0,0,0,-1,+,"['Rook_ETH_15_5a65aed6f620f848c039f8bbe842161b.png', 'Rook_ETH_3_f6dc850937b7f1d8e72f073494585adc.png']"
Rook_ETH,1,0,0,0,0,1,1,0,0,-1,-,"['Rook_ETH_15_27545518f1e1572a932e0a2396bf1fab.png', 'Rook_ETH_3_555b3f679c7d2e5754402710014e4f68.png']"
Rook_ETH,0,0,1,0,0,0,1,0,0,-1,+,"['Rook_ETH_15_3a67bfe41827c188b307074a50d0ae18.png', 'Rook_ETH_3_3df6c0c33cdc6c0e80eebc99868dc0bd.png']"
Rook_ETH,1,1,1,0,0,0,0,0,0,-1,+,"['Rook_ETH_15_cbc9be621fdb4459f9919c846ef7150f.png', 'Rook_ETH_3_11f0a7639b4cc5f9d9694dce91596027.png']"
Rook_ETH,1,0,0,0,1,0,0,0,0,-1,-,"['Rook_ETH_15_afbb36c3b34e70acf6e14d80ca389c51.png', 'Rook_ETH_3_b6ede0c83a40fb8bdce070b0bfa130ef.png']"
Rook_ETH,1,0,0,0,0,0,0,0,0,-1,+,"['Rook_ETH_15_ce1e07f4b954cfc017d445d3deccab37.png', 'Rook_ETH_3_715efc9a36c5d291003da7161bac916c.png']"
Rook_ETH,1,0,0,0,0,0,0,0,0,-1,-,"['Rook_ETH_15_1ee1018bb646d8a3a82f837bd77c0db1.png', 'Rook_ETH_3_44bcf5eb835526191f488c9f90103982.png']"
Rook_ETH,1,0,0,0,0,0,0,0,0,-1,-,"['Rook_ETH_15_84c90c5cbaa8221159aec02d0e245838.png', 'Rook_ETH_3_ef32e29acac48a10819db09a137fff39.png']"
Rook_ETH,0,0,1,0,0,0,0,0,0,-1,+,"['Rook_ETH_15_b9a7516f1bc5217678a0162a9f1c8f68.png', 'Rook_ETH_3_55dc4d31c5f952ac40c699d10fce79f0.png']"
Rook_ETH,0,0,1,0,0,0,0,0,0,-1,+,"['Rook_ETH_15_f54f75886efbe0fad75149653fa3e3fd.png', 'Rook_ETH_3_e42667d5e68e55c08f464f5c9d82b181.png']"
Rook_ETH,0,1,1,0,1,0,1,0,0,-1,-,"['Rook_ETH_15_eff19236c7ca77ae22ecbe2718ddfefe.png', 'Rook_ETH_3_54d9c55c0f24a5b3eb764204427a9af1.png']"
Rook_ETH,0,1,0,0,0,0,1,0,0,-1,-,"['Rook_ETH_15_e6530667e3490b023c2530fffadb4351.png', 'Rook_ETH_3_2a3ba14b04018d2d86516d7216777789.png']"
Rook_ETH,0,0,0,0,1,0,1,0,0,-1,-,"['Rook_ETH_15_90bd0b011b3a82b693cc9c5cfa4b0fdd.png', 'Rook_ETH_3_4482e0e58df1678f010dfcbcf6e7a340.png']"
Rook_ETH,0,1,1,0,0,0,0,0,0,-1,+,"['Rook_ETH_15_5d2792085768cb4d48f259a3f3511126.png', 'Rook_ETH_3_d6439ef31b5c662fd59002f957f8c119.png']"
Rook_ETH,1,0,0,0,0,0,0,0,0,-1,-,"['Rook_ETH_15_886f93353f654e6fdca9a5c41f80a2f5.png', 'Rook_ETH_3_be0401658fd65f74609a0b3cb235c52a.png']"
Rook_ETH,0,0,1,0,1,0,0,0,0,-1,-,"['Rook_ETH_15_83d01dcd2d31f5099cf152da5c06a50a.png', 'Rook_ETH_3_55cef800a511abefb14dc1a93f710667.png']"
Rook_ETH,1,0,0,0,0,1,0,0,0,-1,+,"['Rook_ETH_15_40b54136c373e95783fc075118b14f2d.png', 'Rook_ETH_3_6d8c2641ec25174e3806537f9f3429fe.png']"
Rook_ETH,0,0,1,0,0,0,0,0,0,-1,+,"['Rook_ETH_15_2c648cf4183d5afc599de34891485067.png', 'Rook_ETH_3_649db05f692eeebe6bc522ddbda78542.png']"
Rook_ETH,1,0,0,0,0,0,0,0,0,-1,+,"['Rook_ETH_15_66f81abb7d5bc001312aa45427b950ab.png', 'Rook_ETH_3_620a88a1611ad01c5f453b97148d8b9d.png']"
Rook_ETH,1,0,1,0,0,1,0,1,0,-1,-,"['Rook_ETH_15_66cd3eede21cf0ec70a85c87c4d1e7c1.png', 'Rook_ETH_3_d1a30dae5d30ba29a08dba7031d2d07b.png']"
Rook_ETH,0,1,0,0,0,0,0,1,0,-1,+,"['Rook_ETH_15_8741d3bd7b87d331bb49e56f619316d2.png', 'Rook_ETH_3_461916568cdd7fb1160874f8af79ad03.png']"
Rook_ETH,0,1,1,0,0,0,0,0,0,-1,+,"['Rook_ETH_15_1ae3d54479157cd5661b31f16b5d4e78.png', 'Rook_ETH_3_6ef22a014ab821d3c164aa53df3e1ae5.png']"
Rook_ETH,0,1,1,0,0,0,1,0,0,-1,-,"['Rook_ETH_15_b5e8a6483152ff8e05e6efc73a06f34a.png', 'Rook_ETH_3_7c43f914d3b743e071e356b01858eb2c.png']"
Rook_ETH,0,1,0,1,1,0,1,0,0,-1,+,"['Rook_ETH_15_f7745b506ce70a1d4e3fa696a413ab5c.png', 'Rook_ETH_3_6f04785e709c1c2f1f0667a77a7320e1.png']"
Rook_ETH,0,0,1,0,0,0,1,0,0,-1,+,"['Rook_ETH_15_787142fe51775734dffd054fa46bfa4e.png', 'Rook_ETH_3_9e7e90eadf0d9a4b0c3201d3f63457bc.png']"
Rook_ETH,0,0,1,0,0,0,0,0,0,-1,0,"['Rook_ETH_15_dae246fce895c2360be4aaef12c12f06.png', 'Rook_ETH_3_eb04340526e5951440fc799cd8b3167a.png']"
Rook_ETH,1,0,0,0,0,0,1,0,1,-1,-,"['Rook_ETH_15_1eb69c2016c3cde2f616e36a0d7cfaf8.png', 'Rook_ETH_3_8dd1e64328a96f1cc3ece956df46088a.png']"
Rook_ETH,1,0,0,0,0,1,0,0,0,-1,-,"['Rook_ETH_15_cc56ceba89eba93cb4896735f700a487.png', 'Rook_ETH_3_d03b920a5f4bbde7ffabb9607f0a6476.png']"
Rook_ETH,0,0,1,0,0,0,0,0,0,-1,-,"['Rook_ETH_15_845edd36cef63fe5f614da3c565fbced.png', 'Rook_ETH_3_b51bc2c3ef90a8b6c1e1273e6cab0d86.png']"
Rook_ETH,0,1,1,0,0,0,0,0,0,-1,0,"['Rook_ETH_15_9508d34c8caab3faca932b1e650c82df.png', 'Rook_ETH_3_799476fd36d1877afc6bfecd14b36862.png']"
ZVZ_XRP,0,0,1,0,0,0,0,0,0,-1,+,"['ZVZ_XRP_15_239dabbc945ffd3693622688616e8d76.png', 'Rook_ETH_3_c23ab4eb0394525f9d794e267c0f2f42.png']"
ZVZ_Si,0,0,1,0,0,0,1,0,0,-1,+,"['ZVZ_Si_15_1e6135e3d0e5a36de3afdd12def43958.png', 'ZVZ_XRP_3_b329c696c7e43b0d2417dbf947829300.png']"
ZVZ_SOL,0,1,1,0,0,0,1,0,0,-1,+,"['ZVZ_SOL_15_921e90bb513e4ae944b81e5982c4d237.png', 'ZVZ_SOL_3_91ef49fff26538e0172fe66dc7d8c476.png']"
ZVZ_Si,0,1,0,0,0,0,1,0,0,-1,+,"['ZVZ_Si_15_5ef1355f43a140d94c8c44539c72d797.png', 'ZVZ_Si_3_3dfdbf0c51d73f644d67db89cf48d637.png']"
Rook_ETH,0,0,1,0,0,1,0,1,0,-1,-,"['Rook_ETH_15_46c2fb52a64933cb5e8deaa042ee9529.png', 'Rook_ETH_3_458cfe43efb488e131a1b2161a216c50.png']"
Rook_ETH,0,1,1,0,0,0,0,0,0,-1,-,"['Rook_ETH_15_7e7d5eac4353db4a0d484a43a333f0bb.png', 'Rook_ETH_3_96dbe888705a18c88a71335a2221305c.png']"
Rook_ETH,0,1,1,0,0,0,0,0,0,-1,-,"['Rook_ETH_15_01ab086226217669d72df633741afb49.png', 'Rook_ETH_3_c6bdc0445fb3fdcce3cde998dc9dc291.png']"
Rook_ETH,0,0,1,0,1,0,1,0,0,-1,-,"['Rook_ETH_15_e1d09920683c260e21c592740fc2eebe.png', 'Rook_ETH_3_9d9663a94787c8a2fe406b40cf5d5d08.png']"
Rook_ETH,0,0,1,1,0,0,1,0,0,-1,-,"['Rook_ETH_15_c80a4f16934218ff0870418c8fd156e8.png', 'Rook_ETH_3_b08da8c871dd1d29a1d80c0cde504b94.png']"
Rook_ETH,0,0,1,0,0,0,1,0,0,-1,-,"['Rook_ETH_15_91a542ce083d1adc7af510f07c24e71c.png', 'Rook_ETH_3_5297b0b0893426f8d8f556a179d7ee76.png']"
Rook_ETH,1,0,1,0,0,0,0,0,0,-1,-,"['Rook_ETH_15_b4eecfdeac3840ba7856855520c31180.png', 'Rook_ETH_3_43d91f00f52af6a4fe7a68d9097b963d.png']"
Rook_ETH,0,1,1,0,0,0,0,0,0,-1,+,"['Rook_ETH_15_6f4660629ba6a2e06975cde038af327e.png', 'Rook_ETH_3_f1f326437715d0b9caf0fb296858d434.png']"
Rook_ETH,0,0,1,0,0,0,0,0,0,-1,-,"['Rook_ETH_15_3ac5f585d0c3d946b35a3a0ca0f96065.png', 'Rook_ETH_3_79a5e2a9e7fe568c0f8ff5e155c5f2c9.png']"
Rook_ETH,0,1,0,0,0,0,0,0,0,-1,+,"['Rook_ETH_15_3f9e0838709ed26fe956e2e7798de7b5.png', 'Rook_ETH_3_a0403e07fd7ec7589fdb871521f79ab9.png']"
Rook_ETH,0,1,1,0,0,0,0,0,0,-1,+,"['Rook_ETH_15_34688c5e65f3cd6eafb5668d684e5090.png', 'Rook_ETH_3_1a2bc24e9d786e566fecfe635eda2783.png']"
Rook_ETH,1,0,0,0,0,1,0,0,0,-1,-,"['Rook_ETH_15_e77ed4b3c9e64e7afce61941bccb00db.png', 'Rook_ETH_3_63d4b7f614b70bf81ea3034ae60b4c8e.png']"
Rook_ETH,0,0,1,1,0,0,0,0,0,-1,+,"['Rook_ETH_15_8707d267ad95a42998216b0b14b3fb82.png', 'Rook_ETH_3_3047e7af4a54d61edc6156f1de6d4a04.png']"
Rook_ETH,0,1,1,0,0,0,0,0,0,-1,-,"['Rook_ETH_15_4e475e6fcfba76bf2d71871374ce0e43.png', 'Rook_ETH_3_950e543befdd80908b8949e645eb163d.png']"
Rook_ETH,1,0,0,0,0,0,0,0,0,-1,-,"['Rook_ETH_15_a34afed27365926685172398ff56732a.png', 'Rook_ETH_3_1287a83a4f98fc50171f68afb5b07a84.png']"
Rook_ETH,1,0,0,0,0,0,1,0,0,-1,-,"['Rook_ETH_15_3aa61967bef2cab2dbf5a5d722d58f32.png', 'Rook_ETH_3_596766bf987e625381ae89644c05a0f5.png']"
Rook_ETH,1,0,0,0,0,0,1,0,0,-1,-,"['Rook_ETH_15_438aa9ad7b2bad713cc6881d924e7f28.png', 'Rook_ETH_3_7b62b9b30a7f47315984ce4f3b89ea32.png']"
Rook_ETH,0,0,0,1,1,0,1,0,0,-1,-,"['Rook_ETH_15_cb56d1aca46e538f0c558ffff58044ea.png', 'Rook_ETH_3_aee359142c9bc155530698e5efda3a4b.png']"
Rook_ETH,0,0,1,0,0,0,1,0,0,-1,-,"['Rook_ETH_15_8911bdecac3e93acf47b52f2595256a4.png', 'Rook_ETH_3_d07b855f7d6f5cc1dbf72ca3e9987431.png']"
Rook_ETH,1,0,0,0,0,0,0,0,0,-1,+,"['Rook_ETH_15_70592c517833068e14f03713d5ffe76f.png', 'Rook_ETH_3_3825f5953e5b7b40c512e561b7c35480.png']"
Rook_ETH,0,0,0,1,0,0,0,0,0,-1,+,"['Rook_ETH_15_e5c98ba2de934f5eeabca90167528fef.png', 'Rook_ETH_3_84cc158b483c78832ff229e5f23228bd.png']"
Rook_ETH,1,0,0,0,0,0,0,0,0,-1,-,"['Rook_ETH_15_284a24f0684ca62bd8b03155c71cda14.png', 'Rook_ETH_3_a9394b09a09706eea0c8cbe25e8a69e3.png']"
Rook_ETH,1,0,1,0,0,0,0,0,0,-1,-,"['Rook_ETH_15_53efd9fdf5d6d8b4505341c982c24d12.png', 'Rook_ETH_3_8b3f895bad7e47ba0738f8614931dfb4.png']"
Rook_ETH,1,0,0,0,0,0,0,0,1,-1,+,"['Rook_ETH_15_ced465ab6dc96de0668c412d03a77ce2.png', 'Rook_ETH_3_9dea3ca122ee2d5db920a45163f60c57.png']"
Rook_ETH,1,0,0,0,0,0,0,0,1,-1,+,"['Rook_ETH_15_c40d6f0c9523db6a940a2cd016f7c2ec.png', 'Rook_ETH_3_d2510f2c1b3d40d16d3305e772fbb913.png']"
Rook_ETH,0,0,0,0,0,0,0,0,0,-1,-,"['Rook_ETH_15_f1ab12b3e0a4b43f33cf03cdefbdf1d9.png', 'Rook_ETH_3_e768390f4dc5a5b8e0be1e6b5e0ea39c.png']"
Rook_ETH,0,0,0,1,1,0,0,0,0,-1,-,"['Rook_ETH_15_5bcfe2bb6f86a2d742d5b28c15455ce5.png', 'Rook_ETH_3_ea39a92204fc2c8a0077bb926ba171a2.png']"
Rook_ETH,0,0,1,0,0,0,1,0,0,-1,-,"['Rook_ETH_15_7f1b7f88c68fe49908c57346cfa4b0e0.png', 'Rook_ETH_3_05168f4c27c99d2c62049b9bb6a57b47.png']"
Rook_ETH,0,1,1,0,0,0,1,0,0,-1,-,"['Rook_ETH_15_769671c66fe93116c3a14beb2b67b8b2.png', 'Rook_ETH_3_2e00de2cb164c629b0beff6e6467a94e.png']"
Rook_ETH,0,1,1,0,0,0,1,0,0,-1,0,"['Rook_ETH_15_fc80adaa646eecfd0bf8b3f570c48943.png', 'Rook_ETH_3_40cd20b671c350b88d7c3c62155e5805.png']"
Rook_ETH,0,0,1,0,0,0,1,0,0,-1,0,"['Rook_ETH_15_23a0f52dfd8fcd5a7a4e347f45b603e9.png', 'Rook_ETH_3_dc83cedd2cef8102c45d248d4987d4e1.png']"
Rook_ETH,1,0,0,0,0,0,0,0,0,-1,-,"['Rook_ETH_15_7fbd98a970a6aa6155af9c7015621739.png', 'Rook_ETH_3_1a363e63b2b4a0ae5fb534e5279cdb67.png']"
ZVZ_XRP,0,0,1,0,0,0,0,0,0,-1,+,"['ZVZ_XRP_15_9b869d3c6e7f1234949954c032be071c.png', 'ZVZ_XRP_3_664edaf4e2bb708636dd7b7d924ff136.png']"
ZVZ_XRP,0,1,0,0,0,0,0,0,0,-1,+,"['ZVZ_XRP_15_5d72613ad9b246fc5bbf5e394b45c3e3.png', 'ZVZ_XRP_3_c82573748fbbd9a32fcc343d4780e55b.png']"
ZVZ_XRP,1,0,0,0,0,0,0,0,0,-1,-,"['ZVZ_XRP_15_0512945194db276ab4106a7f3cd47836.png', 'ZVZ_XRP_3_d10394008ec6531ee1e935276616194b.png']"
ZVZ_XRP,0,1,1,0,0,0,0,0,0,-1,+,"['ZVZ_XRP_15_4982692e9adcd08f19593c0932d20a16.png', 'ZVZ_XRP_3_175cfa32a8869766c976ae99086ca51b.png']"
ZVZ_Si,0,0,0,1,1,0,1,0,0,-1,+,"['ZVZ_Si_15_256efce34692cc6870a77e18222b7e15.png', 'ZVZ_Si_3_d31a046247e0a25fb55576a1f6419249.png']"
ZVZ_Si,1,0,0,0,0,0,0,0,0,-1,0,"['ZVZ_Si_15_b24f80e88281ee97e5cf64a54d49fb29.png', 'ZVZ_Si_3_0ca81dabeb7acb13f327e82e44ead4d1.png']"
ZVZ_Si,0,1,0,0,0,0,0,0,0,-1,0,"['ZVZ_Si_15_9126f5d1d8eae5a5cc6115176b77259f.png', 'ZVZ_Si_3_3fcb0cdc25ccbe1c17fb2f6740447bca.png']"
ZVZ_Si,0,0,0,1,1,0,0,0,0,-1,+,"['ZVZ_Si_15_0d05f6431d4923a619846f2ef9717e7c.png', 'ZVZ_Si_3_cacd444afee357a03e39bc5f47570256.png']"
ZVZ_Si,0,1,0,0,0,0,1,0,0,-1,+,"['ZVZ_Si_15_ec157f3b3095c650dbcc655925292272.png', 'ZVZ_Si_3_2dbae39304958e45a6a5825913bf0032.png']"
ZVZ_Si,1,0,0,0,0,0,1,0,0,-1,+,"['ZVZ_Si_15_6569c396677fdb010fdeb5f62f3694fc.png', 'ZVZ_Si_3_56b40d7f62f3f17e73400843b861776d.png']"
ZVZ_ATOM,1,0,0,0,0,0,0,0,0,-1,+,"['ZVZ_ATOM_15_3687dc453f8238f705aa002a0464758b.png', 'ZVZ_ATOM_3_0b2b035bc50a62f18efb656afdc89ead.png']"
ZVZ_ATOM,0,1,0,0,0,0,0,0,0,-1,-,"['ZVZ_ATOM_15_372e1f7573ecfb594cf674406e5a7ee3.png', 'ZVZ_ATOM_3_02e28c87a0a8dca853109a5b46c770cb.png']"
ZVZ_Si,1,0,1,0,1,0,0,0,0,-1,+,"['ZVZ_Si_15_4112a412e0dd80fdcf4cc7fa610fd1ad.png', 'ZVZ_Si_3_701f3f3d0927807ed26d1355ea0ba36b.png']"
ZVZ_Si,0,1,1,0,0,0,0,0,0,-1,+,"['ZVZ_Si_15_7c61e3f79cf5e45cf18d9c029975d536.png', 'ZVZ_Si_3_5d3a86e2f61d16ad6f25cc3e874eb59b.png']"
ZVZ_Si,0,1,0,0,0,0,0,0,0,-1,+,"['ZVZ_Si_15_a4715daf15b2acdeeff03501a5bd32cc.png', 'ZVZ_Si_3_c1811f7b2905a8e71b534584b568490b.png']"
ZVZ_Si,0,0,1,0,0,0,0,0,0,-1,+,"['ZVZ_Si_15_a4715daf15b2acdeeff03501a5bd32cc.png', 'ZVZ_Si_3_ad25249c01b77430c38fce64b363cd09.png']"
ZVZ_ATOM,0,0,0,1,0,0,0,0,0,-1,+,"['ZVZ_ATOM_15_183b5a2ea25150f85debf2d51b626db1.png', 'ZVZ_ATOM_3_a709222e68441fe7d071dfa058434a5f.png']"
ZVZ_ATOM,1,0,0,0,0,1,0,0,0,-1,+,"['ZVZ_ATOM_15_db3b4a6dbb091d962e0f49b268c224cc.png', 'ZVZ_ATOM_3_479ef765f5352c454a4a9194694d3932.png']"
ZVZ_ATOM,0,1,0,0,0,0,0,0,0,-1,+,"['ZVZ_ATOM_15_8a5cffa519352f5101f1d7c794245b97.png', 'ZVZ_ATOM_3_420845a1010c14867b9b4a14312292c6.png']"
Rook_CHZ,1,0,1,0,0,0,0,0,0,-1,-,"['Rook_CHZ_15_1ad7b06f8a2a9b2a20a8df2a6412da6a.png', 'Rook_CHZ_3_c228bec49bdc9f67abc70bf044bce1af.png']"
Rook_CHZ,0,1,1,0,0,0,0,0,0,-1,+,"['Rook_CHZ_15_462ef2bb49f2a096b2c85ad8f35a9842.png', 'Rook_CHZ_3_565c707ddc74bddc27b1b434e69dda1c.png']"
Rook_CHZ,1,0,0,0,0,1,0,0,0,-1,-,"['Rook_CHZ_15_b3b7d0ee64cf9e6f70b71e8aeeca49ba.png', 'Rook_CHZ_3_1eb4a7bd68cf3aeb88388ff356b5c11a.png']"
Rook_CHZ,0,1,0,0,0,0,1,0,0,-1,-,"['Rook_CHZ_15_51177fa3c97c585014f3f15d3228d3b4.png', 'Rook_CHZ_3_ff9966b86419a77a1b20695f6bf2ae99.png']"
Rook_CHZ,1,0,1,0,0,0,0,0,0,-1,+,"['Rook_CHZ_15_fb38bfd9e922d5be8774f9dd5a4335c4.png', 'Rook_CHZ_3_9f47c54e9a78ecbe91aaab160db4b6c3.png']"
Rook_CHZ,0,0,1,1,0,0,1,0,0,-1,-,"['Rook_CHZ_15_7356da12bb68a53265f249aaa4ddd071.png', 'Rook_CHZ_3_4b1fe7fdc631f204d34458552ec36e4d.png']"
Rook_CHZ,1,0,0,0,0,0,0,0,0,-1,+,"['Rook_CHZ_15_bae10012b4c9c6ebbad2cddffafc0bea.png', 'Rook_CHZ_3_69eaa5ba5bd407b22a9d83e30382490a.png']"
Rook_CHZ,0,1,1,0,0,0,1,0,0,-1,+,"['Rook_CHZ_15_afd1762931153e58e8c64d7ede9b2d08.png', 'Rook_CHZ_3_dd67512a1071dfac6605610cb90c5dce.png']"
Rook_CHZ,0,0,1,1,0,0,0,0,0,-1,-,"['Rook_CHZ_15_8f0325d51bcf4a29e484d211d4e93c14.png', 'Rook_CHZ_3_a28061e6c15b2e9355030c6da5bb7ee0.png']"
Rook_CHZ,0,1,1,0,0,0,0,0,0,-1,+,"['Rook_CHZ_15_79b92e6868c288bec127d62ec0a802c0.png', 'Rook_CHZ_3_65562e7c71698c38b0b6e0abe2f7af43.png']"
Rook_CHZ,1,1,1,0,0,0,0,0,0,-1,+,"['Rook_CHZ_15_d1ce4c6a830e1ffdf5f7d5239bbf20f7.png', 'Rook_CHZ_3_f6ff27fbf32fd93a696d4e1801a26c9a.png']"
Rook_CHZ,0,0,1,1,0,1,0,0,0,-1,-,"['Rook_CHZ_15_435115395310e07f135bf923f613817c.png', 'Rook_CHZ_3_4c5365e9fd38cabb3f9b0d413b10fbdb.png']"
Rook_CHZ,0,1,0,0,0,0,1,0,0,-1,-,"['Rook_CHZ_15_a39b4236ac5713c82ebcde2bcfffad44.png', 'Rook_CHZ_3_41e1ebea379b607aeaa746692dd55607.png']"
Rook_CHZ,0,0,1,0,0,1,0,0,0,-1,-,"['Rook_CHZ_15_8bcf4d7753760a99f7c43d23427f4889.png', 'Rook_CHZ_3_3a28023908c403be2fbdc1e9b5d220f9.png']"
Rook_CHZ,0,1,1,0,0,0,0,0,0,-1,-,"['Rook_CHZ_15_36fed96336d9632a568202455b95e048.png', 'Rook_CHZ_3_7d5dda18ec608224ac9d04953b3a6304.png']"
ZVZ_ATOM,0,1,0,1,0,0,1,0,0,-1,+,"['ZVZ_ATOM_15_80a93afcd06dcd456e7f18c6da23a978.png', 'ZVZ_ATOM_3_4d592c81b3392f7aa54f3bb80b64f1d2.png']"
ZVZ_ATOM,1,0,0,1,0,0,0,0,1,-1,-,"['ZVZ_ATOM_15_90d777f6d3b69f0941fbd27bfd3e9b38.png', 'ZVZ_ATOM_3_d285bd6a2f5a9d5068cf7179d6945625.png']"
ZVZ_Si,0,1,1,1,0,0,0,0,0,-1,0,"['ZVZ_Si_15_2cd332f40fef29e4952203e4004afc99.png', 'ZVZ_Si_3_71368ba6bcf3869fd9b24f59f3c43da6.png']"
ZVZ_Si,0,1,1,0,0,0,0,0,0,-1,+,"['ZVZ_Si_15_2cd6f5bcbbdfd21844da80e3c851940b.png', 'ZVZ_Si_3_36a4046281a38590a0d9b859d4e63fc5.png']"
Rook_CHZ,0,1,0,0,0,0,0,0,0,-1,-,"['Rook_CHZ_15_1e0e5152594fac921c7e350ca276c5ee.png', 'Rook_CHZ_3_9bcd3f3ebceaeeedce6fb9e30ee5e53f.png']"
Rook_CHZ,1,0,0,0,0,0,0,0,1,-1,+,"['Rook_CHZ_15_c308e34917e379bc95c71adb62ed4528.png', 'Rook_CHZ_3_2902943e856935559873f7cc2f87368e.png']"
Rook_CHZ,1,0,1,0,0,0,0,0,0,-1,-,"['Rook_CHZ_15_a09de3bc9945d84baa4672db790ad578.png', 'Rook_CHZ_3_b59f2ada7b653bdf8698019ae0501c7f.png']"
Rook_CHZ,1,0,1,0,0,0,0,0,0,-1,+,"['Rook_CHZ_15_a0642bf255be554857fe8176216277f0.png', 'Rook_CHZ_3_38578b23a9fc0b20232007a6c44a80ea.png']"
Rook_CHZ,1,0,0,1,0,0,0,0,0,-1,-,"['Rook_CHZ_15_cd07846c7333e721a79c8680af906d10.png', 'Rook_CHZ_3_414308c95035b1b49fadbf51b3be292f.png']"
Rook_CHZ,1,1,1,0,0,0,0,0,0,-1,-,"['Rook_CHZ_15_3c218bc118826022657e7f78e1685582.png', 'Rook_CHZ_3_6506b5bdb0968e7d46f127a32eb12ab4.png']"
DOT,0,1,1,0,0,0,0,0,0,-1,+,"['Rook_DOT_15_e869a036be35e456e8fbe108fd8e2fda.png', 'Rook_DOT_3_01019841113d426f06a2592a3c4c408c.png']"
Real_TRX,0,0,1,1,0,0,1,0,0,-1,-,"['Real_TRX_15_6b8422994c226acfcd89108d14b6ce3f.png', 'Real_TRX_3_ca7c0140f7f0daa9ed7a551139896f89.png']"
Real_SOL,1,0,0,0,0,1,0,0,0,-1,+,"['Real_SOL_15_0ed6b5df30b6e92b3e7f61d3dc37149f.png', 'Real_SOL_3_678816c59ea28c61590a085a02585277.png']"
Real_ETH,1,0,0,0,0,1,0,0,0,-1,+,"['Real_ETH_15_4634358fdf8e39531583808a0bf2e3fa.png', 'Real_ETH_3_fc15b315e7a7d6533e8b6763756422c0.png']"
DOT,0,1,0,0,0,0,0,0,0,-1,-,"['Rook_DOT_15_62cba923b353fe6b773d491dd5db2103.png', 'Rook_DOT _3_673ee6b4ca2230123e34ecd72b0438b4.png']"
DOT,1,0,1,0,0,0,0,0,0,-1,+,"['Rook_DOT_15_d850f0899ba48c04e1e573d70a49ad77.png', 'Rook_DOT_3_059f6b65e6b084b24ad45b699df290fd.png']"
DOT,0,1,1,0,0,0,0,0,0,-1,+,"['Rook_DOT_15_7847222d040c54256b0d982001a69354.png', 'Rook_DOT_3_709b8c6e6bf763da590e0736056aa5f3.png']"
DOT,0,1,0,1,0,0,0,0,0,-1,-,"['Rook_DOT_15_8da75628eb42d9673d9af8c3e35ced6c.png', 'Rook_DOT_3_f43bba92e19fa93a8220f0f2403f7f20.png']"
DOT,0,1,0,0,0,0,0,0,0,-1,0,"['Rook_DOT_15_4fcf50783122ff3569f5db106d1e8294.png', 'Rook_DOT_3_f726bcd5fc1c6f792050e7bdc415d417.png']"
DOT,0,0,1,0,0,1,0,0,0,-1,+,"['Rook_DOT_15_2add1c95052da083583b4dbc9213e1b9.png', 'Rook_DOT_3_d03c9ce4dfef6690fe7038c852d8403e.png']"
DOT,1,0,0,0,0,1,0,0,0,-1,-,"['Rook_DOT_15_9f61e7bef2b4a2cc0b37139fca53f370.png', 'Rook_DOT_3_bccdc88069e251a47668cc9540d0b6cb.png']"
DOT,0,1,0,0,0,0,0,0,0,-1,+,"['Rook_DOT_15_b19b35aa8c81e726ae14ea306fbf85c4.png', 'Rook_DOT_3_a15bde18834443ac6cef2728b670e9c5.png']"
DOT,0,1,0,0,0,0,0,0,0,-1,-,"['Rook_DOT_15_b31ff17ba1e7984658d75742e242f3a1.png', 'Rook_DOT_3_a554f1338d2a88802da27f9f82ed9da9.png']"
DOT,1,0,0,0,0,1,0,0,0,-1,-,"['Rook_DOT_15_52cb0c5d8941f3dad4b19ce6f174600e.png', 'Rook_DOT_3_c97d2b2ba896da417de0f616a37188e7.png']"
DOT,1,0,0,0,0,1,0,0,0,-1,+,"['Rook_DOT_15_7238a046a6e8d911b1193d0457066dbd.png', 'Rook_DOT_3_fda56f9a4bbb1e668de65f92645d8722.png']"
Real_LTC,1,0,1,0,0,1,0,0,0,-1,-,"['Real_LTC_15_e8b210ecd6f389a82331289996715c73.png', 'Real_LTC_3_d0ca03a4f42747440c30837d96b8db7b.png']"
Real_ADA,1,0,0,0,0,0,0,0,0,-1,-,"['Real_ADA_15_80075c7c9c01f4811a1f771e84902161.png', 'Real_ADA_3_19d768a1f553fbd4f30bcf098784c412.png']"
Real_ATOM,1,0,0,0,0,0,0,0,0,-1,-,"['Real_ATOM_15_0ad0f07c47f586c52185b21e4f711c42.png', 'Real_ATOM_3_39f0e729c75195adacff92b80192466d.png']"
DOT,1,0,0,0,0,1,0,0,0,-1,+,"['Rook_DOT_15_8e39bcd971361e672fba59bfe3e00b44.png', 'Rook_DOT_3_881f4d08d9867a9701dbb53851de29c3.png']"
DOT,1,0,0,0,0,1,0,0,0,-1,+,"['Rook_DOT_15_65f6911afa28451452f396ba9cabd747.png', 'Rook_DOT_3_338e171660ed19f566857c38ffa6a39b.png']"
DOT,0,1,0,0,0,0,0,0,0,-1,-,"['Rook_DOT_15_83c6f600d45b538210f3e4507e353aff.png', 'Rook_DOT_3_68e18bbae3625a65aebf02194051bd0f.png']"
DOT,0,1,1,0,0,0,0,0,0,-1,+,"['Rook_DOT_15_25142058baed7babb130a89b8bec7b00.png', 'Rook_DOT_3_b9770092730cc0501534c955eb9a3663.png']"
DOT,0,1,1,0,0,0,0,0,0,-1,-,"['Rook_DOT_15_783fe9a18fdab8b7a09d8b5f944642a5.png', 'Rook_DOT_3_1820fb0cacf05f6be8a77bef048ffe78.png']"
DOT,1,0,1,0,0,0,0,0,0,-1,-,"['Rook_DOT_15_ffa8422e0296dd81b5899cae964a86b3.png', 'Rook_DOT_3_9b53dc8d4293184fc35973a9c6532639.png']"
DOT,1,1,0,0,0,0,0,0,0,-1,+,"['Rook_DOT_15_00383b71d7749cfa20d93da7c0b0b824.png', 'Rook_DOT_3_d642cdc688317b6b35ba67ac50466bda.png']"
DOT,0,1,0,0,0,0,0,0,0,-1,+,"['Rook_DOT_15_07147a00f965f5ba12c4a97242076269.png', 'Rook_DOT_3_7df5e1a7c0a877b4bcabc4335a412b00.png']"
DOT,0,1,0,0,0,0,0,0,0,-1,-,"['Rook_DOT_15_6d916578f394d43cd07e00f54f68c567.png', 'Rook_DOT_3_c9dfed0152cc2da1fc3c31e151d13690.png']"
DOT,0,1,0,0,0,0,0,0,0,-1,-,"['Rook_DOT_15_72fb376c9c288e6cfdff6c513739f05b.png', 'Rook_DOT_3_84fec2635d1b7e5ff1be0afcf670623b.png']"
DOT,0,0,0,1,0,0,0,0,0,-1,-,"['Rook_DOT_15_32ab59ff8a329c540d993f854b067291.png', 'Rook_DOT_3_6df09281960255c35a31eb186f58449e.png']"
DOT,0,1,0,0,0,0,0,0,0,-1,-,"['Rook_DOT_15_e377457eb2d78b9970869cc63c497170.png', 'Rook_DOT_3_af1ffe654e15b136264f256350a3eadd.png']"
DOT,1,0,0,0,0,0,0,0,0,-1,+,"['Rook_DOT_15_1f7f69f5305f755b5502f5be1066146f.png', 'Rook_DOT_3_145558be163417e1e6dead0aa34cba69.png']"
ZVZ_ATOM,0,1,1,0,0,0,0,0,0,-1,+,"['ZVZ_ATOM_15_788a0a3e6563348d5b493ca6337a13af.png', 'ZVZ_ATOM_3_e1f1e2b9ff2e8aa16e089c22f3c9bbeb.png']"
ZVZ_ATOM,0,0,0,1,0,0,0,0,0,-1,-,"['ZVZ_ATOM_15_ccfa160699f7ea879297d54732d1fc56.png', 'ZVZ_ATOM_3_aca0670887378e636b209ed96bebf9c2.png']"
ZVZ_ATOM,0,0,1,0,0,0,0,0,0,-1,+,"['ZVZ_ATOM_15_5a8e3eced8035f575cc87ba8d5227495.png', 'ZVZ_ATOM_3_c69030737f6eff97de2e37a98b99bf08.png']"
ZVZ_Si,0,0,0,1,0,0,0,0,0,-1,+,"['ZVZ_Si_15_784ba69450cd04c955375670504eaf31.png', 'ZVZ_Si_3_31742bd14388754371be86042561c2a2.png']"
ZVZ_Si,0,1,1,0,0,0,0,0,0,-1,+,"['ZVZ_Si_15_ba786c2fd06d065daf07c56c9a1cc3bb.png', 'ZVZ_Si_3_da7c14bd6a645c49f50902a0c0659c40.png']"
ZVZ_Si,1,0,0,0,0,0,0,0,0,-1,-,"['ZVZ_Si_15_7c9ecd924e7db305b505919639db34e8.png', 'ZVZ_Si_3_277625e9efd010edadb6a9e6a578aef4.png']"
ZVZ_Si,0,1,1,0,0,0,0,0,0,-1,NA,"['ZVZ_Si_15_eb1a19fe2f0678b0cf089311cf56d523.png', 'ZVZ_Si_3_3bb6ce011349782ffe95fb3ff56f288d.png']"
Rook_DOT,1,0,0,0,0,0,0,0,0,-1,-,"['Rook_DOT_15_af2163c618cedf783014e4820c05c796.png', 'Rook_DOT_3_5e1155aafc7f007c8f5de5bff211121b.png']"
Real_LTC,1,0,0,0,0,1,0,0,0,-1,+,"['Real_LTC_15_785b51d524bf64d0428cfc5daaf69167.png', 'Real_LTC_3_c7bc1ac4833d643c9dae53f62d071f9e.png']"
Real_LTC,1,0,1,0,0,1,0,0,0,-1,+,"['Real_LTC_15_9054de09dbdaa3d187ad42f55bee32d0.png', 'Real_LTC_3_861c34bb10f9b788498a0cd52ee8b212.png']"
Real_SOL,0,0,0,1,0,1,0,0,0,-1,-,"['Real_SOL_15_66252df6fe818a5b00666db4ac0b7425.png', 'Real_SOL_3_c53bb89d085456ad05abd19dab8302e1.png']"
Real_DOT,1,0,0,0,0,1,0,0,0,-1,0,"['Real_DOT_15_4e5acdd26da72a708edbea94b803befe.png', 'Real_DOT_3_45000db1ef6efb5c95aff52832aff9fc.png']"
Real_XRP,1,0,1,0,0,0,0,0,0,-1,+,"['Real_XRP_15_dd09131230d5c322e1b8b02c01c87cc3.png', 'Real_XRP_3_8d07ed65991c46e9d660580d062d15a7.png']"
Real_BNB,0,0,1,0,0,1,0,0,0,-1,+,"['Real_BNB_15_eb8c9e413675e0943af5d4767b254e27.png', 'Real_BNB_3_ef4812768d5b3aa99ae020dc1c0a9227.png']"
ZVZ_BNB,0,0,1,1,0,0,0,0,0,-1,-,"['ZVZ_BNB_15_262ad054da09c0615a0570dc1399a3f7.png', 'ZVZ_BNB_3_9cafaf13e4d8fdb3bf8bcc4c795282f6.png']"
ZVZ_BNB,0,1,1,0,0,0,0,0,0,-1,+,"['ZVZ_BNB_15_e83df7eece35d2cd0207f29eb6e7d1b7.png', 'ZVZ_BNB_3_ba70c5ed95079b7abdde08d81f8ae29e.png']"
ZVZ_Si,1,0,0,0,0,0,0,0,0,-1,0,"['ZVZ_Si_15_d00e505d20c47958e59a28a3d779c13d.png', 'ZVZ_Si_3_bb254050b3eece433d0aee9d12e26988.png']"
ZVZ_Si,1,0,0,0,0,0,0,0,0,-1,+,"['ZVZ_Si_15_400bd09494578fd7b1c764f121c19652.png', 'ZVZ_Si_3_c105b9f7bee5727e89ddc68269c21407.png']"
ZVZ_Si,1,0,1,0,0,0,0,0,0,-1,+,"['ZVZ_Si_15_a933419895490f63ad65dc635ef84921.png', 'ZVZ_Si_3_26dc5ad19cbc58e618a03a49e7bbd091.png']"
ZVZ_Si,1,0,1,1,0,0,0,0,0,-1,+,"['ZVZ_Si_15_9bbb20cbbf213804d2e201d5d4c841e0.png', 'ZVZ_Si_3_c93f8e675d225525d0fd5830767718ab.png']"
Real_MATIC,0,0,0,1,0,0,1,0,0,-1,+,"['Real_MATIC_15_5c11ee37d63a1c1f39477fdd80f48312.png', 'Real_MATIC_3_925fa85deb0519053d3cd4b100802409.png']"
Real_ADA,0,0,1,1,0,0,0,0,0,-1,-,"['Real_ADA_15_6ec3170a3367a9f707a0fe092422c4af.png', 'Real_ADA_3_3d6c831c349b9c4d5b3a47d6c1ece4a6.png']"
Real_ADA,0,1,1,1,0,0,0,0,0,-1,-,"['Real_ADA_15_6ec3170a3367a9f707a0fe092422c4af.png', 'Real_ADA_3_15733bd61745b9f5e26e6278fc991551.png']"
Real_TRX,0,1,1,0,0,0,0,0,0,-1,-,"['Real_TRX_15_252bcdf6a83b16162f1356483f250f04.png', 'Real_TRX_3_f2f6c72f2def693eae6177f197c97a7f.png']"
Real_ADA,0,0,0,1,0,0,0,0,0,-1,0,"['Real_ADA_15_bf72f46c55d4b929c1803e5188b79ba2.png', 'Real_ADA_3_e2936cb52f5e4638b80e559b73c98c77.png']"
Real_LTC,0,1,0,0,0,0,0,0,0,-1,0,"['Real_LTC_15_0e589dd92e9550de738947ce02ff801f.png', 'Real_LTC_3_f8f1864738967e54daec171b5cea41ea.png']"
Real_MATIC,1,0,0,0,0,0,0,0,0,-1,-,"['Real_MATIC_15_0792067ea3ae6b8163e3e28345eeb194.png', 'Real_MATIC_3_e246852bcadf12459085bcaab8c20689.png']"
ZVZ_ETH,0,0,1,1,0,0,0,0,0,-1,+,"['ZVZ_ETH_15_908b170471416a489339768eddb5cf87.png', 'ZVZ_ETH_3_fa62f3c4ac778e58b96e082b7c701c20.png']"
ZVZ_ETH,1,1,0,0,0,0,0,0,0,-1,+,"['ZVZ_ETH_15_7bd784379d2abe297eb92f95cac298eb.png', 'ZVZ_ETH_3_a52fb0983a84e075f46137a975eb26e8.png']"
ZVZ_Si,1,0,0,0,0,0,0,0,0,-1,-,"['ZVZ_Si_15_0fa7a6a130ba4a804add5bd26787a319.png', 'ZVZ_Si_3_d25103c3820365ab630585431bcda6b0.png']"
ZVZ_Si,0,1,0,0,0,0,0,0,0,-1,+,"['ZVZ_Si_15_2aaf9aa44df43fb0fb8b591c6beb3cbd.png', 'ZVZ_Si_3_48cd42b4e3e52dc2dbd90189317ab9c4.png']"
ZVZ_Si,0,1,1,0,0,0,0,0,0,-1,+,"['ZVZ_Si_15_1e4e43a3ac107c108b04b8ec0d00fed8.png', 'ZVZ_Si_3_4085d1f0c518c302ca3e35095246e7f0.png']"
Real_MATIC,0,1,1,0,0,0,0,0,0,-1,-,"['Real_MATIC_15_1d1e2dcadc7dba623a31de51a3c38a18.png', 'Real_MATIC_3_21aeaa55fd49f8a91e1e017118cd5f65.png']"
Real_MATIC,0,1,1,0,0,0,0,0,0,-1,-,"['Real_MATIC_15_d44440511a6b2238d3265e6b67ea64e0.png', 'Real_MATIC_3_1c2406fe1faae66f4c985318da003f00.png']"
ZVZ_ETH,0,0,0,1,0,0,1,0,0,-1,+,"['ZVZ_ETH_15_9efe2ac6906098957bf8a419d9b13df2.png', 'ZVZ_ETH_3_417fb69e7f64b3eadc56bd0e01c48346.png']"
ZVZ_ETH,0,1,1,0,0,0,1,0,0,-1,-,"['ZVZ_ETH_15_02a33a3cdad812042bd2d96880a3bd8b.png', 'ZVZ_ETH_3_44eb55822aac40c097d72073b4087d9d.png']"
ZVZ_Si,1,0,1,0,0,0,0,0,0,-1,-,"['ZVZ_Si_15_cb42feaab40406542c2c14016b4e39c0.png', 'ZVZ_ETH_3_a0d454387cad2d10a9b330782ae5864d.png']"
ZVZ_Si,0,1,0,0,0,0,0,0,0,-1,+,"['ZVZ_Si_15_3c595295390fe508e76e9829f17c3a57.png', 'ZVZ_Si_3_504e6d0061e53d2a0b7a87dd1b2a1bd6.png']"
ZVZ_Si,1,0,1,0,0,0,0,0,0,-1,+,"['ZVZ_Si_15_86f53b5c1df55a80e30bea99d0019cd0.png', 'ZVZ_Si_3_711711c80491e8857609060b556e884d.png']"
Real_MATIC,0,0,1,1,0,0,0,0,0,-1,+,"['Real_MATIC_15_ea0e6916f5ed84380367e2caa012ad1d.png', 'Real_MATIC_3_8e677d5184769984abec8d6f78321d99.png']"
Real_MATIC,0,0,0,1,0,0,0,0,0,-1,0,"['Real_MATIC_15_99494c92e44eec135ab8d845611ce2fe.png', 'Real_MATIC_3_1bdda4e85a6800df0d63ca786ca351fd.png']"
Real_BNB,0,1,1,0,0,0,0,0,0,-1,+,"['Real_BNB_15_8e9397006e98d79e1911a078143aeb71.png', 'Real_BNB_3_151d0e6848a6373c68b2d0d650a127a3.png']"
Rook_DOT,0,0,0,1,0,1,0,0,0,-1,-,"['Rook_DOT_15_2846647e7e0e07da35b2ce08916e1872.png', 'Rook_DOT_3_da6d4f337d92664e1ce654f34f5d5f14.png']"
Rook_DOT,0,1,0,1,0,1,0,0,0,-1,+,"['Rook_DOT_15_0ea9a0a8f90e4882395e88bd8541eaf3.png', 'Rook_DOT_3_f2497a5a75c71538303f18b93cfb6ce0.png']"
Rook_DOT,1,0,0,0,0,1,0,0,0,-1,-,"['Rook_DOT_15_28537403232d8186ec33313520c44e33.png', 'Rook_DOT_3_6c56fddca16b41419dc67cb212741b4f.png']"
Rook_DOT,0,1,0,0,0,1,0,0,0,-1,-,"['Rook_DOT_15_2f1955ddb731c7c829e46c4c871b20b4.png', 'Rook_DOT_3_5b4a55c3738e7f0d55bda76fc1616364.png']"
Rook_DOT,0,1,1,0,0,0,0,0,0,-1,+,"['Rook_DOT_15_0f4b08018c2d6fa7f89d0c077b4147fe.png', 'Rook_DOT_3_1d05309b7ca956ca6b40686e51086af6.png']"
Rook_DOT,1,0,1,0,0,0,0,0,0,-1,-,"['Rook_DOT_15_cba02cbb04f5c54e89dde45095d3a40c.png', 'Rook_DOT_3_115a33c772aa1b55eae7da0dc9058a65.png']"
Rook_DOT,1,0,0,0,0,1,0,0,1,-1,-,"['Rook_DOT_15_1efd1c46c906fb983b32829954ca64e5.png', 'Rook_DOT_3_a5cb587b4c0be8bf234139fd205228c4.png']"
Rook_DOT,1,1,0,0,0,0,0,0,1,-1,+,"['Rook_DOT_15_35da6c6dab3301e02d48a0608db88c41.png', 'Rook_DOT_3_c3725308531b23919211abdbc754555f.png']"
Rook_DOT,0,0,1,1,0,0,0,0,0,-1,-,"['Rook_DOT_15_56e789aad1fe94b25685ce44a3ffee8d.png', 'Rook_DOT_3_a3ea6bfcde8e0fe6617453d32e4ce687.png']"
Rook_DOT,0,1,0,0,0,0,0,0,0,-1,+,"['Rook_DOT_15_db3801ace1e96d630ca6a3707192d0bb.png', 'Rook_DOT_3_2e6a8a1f3de943dc291d6b1627f32bfb.png']"
ZVZ_DOT,1,0,1,0,0,0,0,0,0,-1,+,"['ZVZ_DOT_15_52bdf50f766c7ed9f7d6993dd9a5f7fe.png', 'ZVZ_DOT_3_1a72cfec5f721688947894fabe67d903.png']"
ZVZ_DOT,1,0,0,0,0,0,0,0,0,-1,+,"['ZVZ_DOT_15_9c4c060cc59c0b1e8f8277c0ab9fc08e.png', 'ZVZ_DOT_3_17215796388e2f827692768d63fd0bd3.png']"
ZVZ_DOT,1,1,0,0,0,0,0,0,0,-1,-,"['ZVZ_DOT_15_65b0a617bacdff8c8d16bd471754a87e.png', 'ZVZ_DOT_3_e3123ed2273bc5aba30fada12110d6f8.png']"
ZVZ_DOT,1,1,0,0,0,0,0,0,0,-1,0,"['ZVZ_DOT_15_29c81e048e1f429afa2bddb6b14d98e9.png', 'ZVZ_DOT_3_c48de6ff85331882ef340f6f9db1274b.png']"
ZVZ_Si,0,0,0,0,0,1,0,0,0,-1,+,"['ZVZ_Si_15_4736a1d869852f37f9828cf44cf81f42.png', 'ZVZ_Si_3_ec5e8d4017ca9f0ee6a38d3eddb6ea84.png']"
ZVZ_Si,1,0,1,0,0,0,0,0,1,-1,+,"['ZVZ_Si_15_be9f4b3f7c0019f2668749c73d3bd0ab.png', 'ZVZ_Si_3_6051b41d5466ab663935dc418b49085a.png']"
ZVZ_Si,0,1,0,0,0,0,0,0,0,-1,+,"['ZVZ_Si_15_95e596bb14f4549b77bce32e65481c12.png', 'ZVZ_Si_3_5bcf529d03b2cc94cd63a690a16dd824.png']"
Real_DOT,0,1,1,0,0,0,0,0,0,-1,+,"['Real_DOT_15_5d86442c30f7d29f15a5c49c2ebcf6f7.png', 'Real_DOT_3_922acb5e23f1de80fc0b72542f9cd0a0.png']"
Real_BNB,1,0,0,0,0,0,0,1,0,-1,+,"['Real_BNB_15_45ccee50fd8a18c508d37a471bcd297e.png', 'Real_BNB_3_2491927a3c99cce8060e566c5ca03b41.png']"
Real_DOGE,1,0,0,0,0,0,0,0,0,-1,+,"['Real_DOGE_15_9826b2f9ddc44b8bc60f8eeaa938e348.png', 'Real_DOGE_3_4822cd23de139979da0da510c84c841d.png']"
Real_ADA,1,0,1,0,0,0,0,0,0,-1,+,"['Real_ADA_15_3699d1706b3ce601fb51dc4372510299.png', 'Real_ADA_3_bafdc8e8a0b45823ae29f8505ee11c86.png']"
Real_BNB,0,1,1,0,0,0,0,0,0,-1,+,"['Real_BNB_15_d603bfae09f8b479af28ff50b2b69aa7.png', 'Real_BNB_3_71d098a2e3223c3fd1e4c9d833558ec9.png']"
Real_XRP,0,0,0,1,0,0,0,0,0,-1,-,"['Real_XRP_15_e640ab4ef9ffe54f8726074d13940070.png', 'Real_XRP_3_243dc1ccc374a24a6caaa405b7cb9cf3.png']"
Real_XRP,0,0,0,1,0,0,0,0,0,-1,-,"['Real_XRP_15_a512e5fa0adb239230315f48554a539f.png', 'Real_XRP_3_9b616ef35cb3c92226790a484a6c87b1.png']"
Real_TRX,0,1,0,0,0,0,0,0,0,-1,-,"['Real_TRX_15_59538d6e3d50c1ec45c2e9acc1227060.png', 'Real_TRX_3_ab38292c529dc520be7cc57bd945bfe0.png']"
Real_MATIC,1,0,0,0,0,0,0,0,0,-1,0,"['Real_MATIC_15_92058c22d4e7a74264c52e402d98a3ef.png', 'Real_MATIC_3_6ccd29d4f4d22fad838fdc3dfde3e642.png']"
Real_ETH,0,1,1,0,0,0,0,0,0,-1,0,"['Real_ETH_15_65fce58aa7c89a179c8233239146271d.png', 'Real_ETH_3_a59038581580e2f248a0239877e27f8e.png']"
Real_BNB,0,1,1,0,0,0,0,0,1,-1,+,"['Real_BNB_15_17e0e41859c370d7b8b9d6e395f80ce0.png', 'Real_BNB_3_0cfae64c72ac1d75f5d901f634a993da.png']"
Real_BNB,0,0,1,0,0,1,0,1,0,-1,+,"['Real_BNB_15_9c75c2de0a998c60e8dd39c165e47d8e.png', 'Real_BNB_3_636cac19e6754c37d685ebdd98381a34.png']"
Real_SOL,0,1,1,0,0,0,0,0,0,-1,+,"['Real_SOL_15_76b8c3f5246e03c7867d183e5a95956d.png', 'Real_SOL_3_dedbf32e667fe7da5ed46ca2211f8e04.png']"
Real_Si,0,1,1,0,0,0,0,0,0,-1,-,"['Real_Si_15_46c1eb0550bb04c465ae2a4cce35a17e.png', 'Real_Si_3_064e3e012e22612874dcdb4bc38a494f.png']"
Real_Si,0,1,1,0,0,0,0,0,0,-1,-,"['Real_Si_15_f40a655fa7a9d10f73b5cf842694fb7b.png', 'Real_Si_3_2a846048f01c4ed74c3315cea62995cb.png']"
Real_Si,0,1,0,0,0,0,0,0,0,-1,+,"['Real_Si_15_f6ccb6948c6c4542c77c2b28230b6be0.png', 'Real_Si_3_44c461d2726f49a82434c53c00a01afd.png']"
ZVZ_SOL,0,1,1,0,0,0,0,0,0,-1,+,"['ZVZ_SOL_15_54c360c02d88271a067c9bb48b5d4656.png', 'ZVZ_SOL_3_2d44c94c89d904601abe925906110475.png']"
ZVZ_SOL,0,1,1,0,0,0,0,0,0,-1,-,"['ZVZ_SOL_15_b948a8d98683ea1a13977c3c17e76d7a.png', 'ZVZ_SOL_3_cdec077c77a7ab320ba010324a81d482.png']"
ZVZ_SOL,1,0,1,0,0,0,0,0,0,-1,+,"['ZVZ_SOL_15_bf2757564bcb7b85f98e26af25082638.png', 'ZVZ_SOL_3_b9d99cbb6d9f7211846fe11e8691aa2e.png']"
ZVZ_Si,1,0,1,0,0,0,0,0,0,-1,+,"['ZVZ_Si_15_a4e8f5b504ca02a6c20784613bc9f80d.png', 'ZVZ_Si_3_84d48ec3ea25e20a82ce897105c71afa.png']"
ZVZ_Si,0,1,1,0,0,0,0,0,0,-1,+,"['ZVZ_Si_15_0fee70d98728b6972374a6a841463367.png', 'ZVZ_Si_3_ab1fb8ccbf8a6d2d7b45d92994b73fbc.png']"
Real_Si,0,1,0,0,0,0,0,0,0,-1,-,"['Real_Si_15_70ba730365678231d767ab391954d8a7.png', 'Real_Si_3_4d0c99dd9a96d9d5d0e66feb9e2caa19.png']"
Real_Si,0,0,0,0,1,0,0,0,0,-1,-,"['Real_Si_15_441140cbc81d2a74e6f14ce1bf3c84cd.png', 'Real_Si_3_ac611f8af9090eac86ce9b934bc88ce7.png']"
Real_DOT,1,0,0,0,0,0,0,0,0,-1,+,"['Real_DOT_15_930626c6264b3fc783914c67774be89e.png', 'Real_DOT_3_eef8fbf889482499de39ed90049d587a.png']"
Real_ADA,0,1,0,0,0,0,0,0,0,-1,+,"['Real_ADA_15_eadaace93eaf6dc5391376dbcd7493d0.png', 'Real_ADA_3_f14812678c4e1597e22a7dee5e30a618.png']"
Real_ADA,0,1,0,1,0,0,0,0,0,-1,+,"['Real_ADA_15_9c3604a44b151e68ed21001691323f1b.png', 'Real_ADA_3_f3fe5c746000328020018429ba5d9a52.png']"
Real_AVAX,1,0,0,1,0,0,0,0,0,-1,-,"['Real_AVAX_15_5e5ad95c9e936a02be6f342ca559bbf1.png', 'Real_AVAX_3_f3425c6f0a05be6bfe5469c8d86d29fd.png']"
Real_AVAX,0,1,0,0,0,0,0,0,0,-1,0,"['Real_AVAX_15_7160c8358258fce65817d65dce70b0ba.png', 'Real_AVAX_3_863bad3d37c4fec9ca7262e24c216bed.png']"
Real_AVAX,1,0,0,0,0,0,0,0,0,-1,+,"['Real_AVAX_15_2289e125367f670111d7a57e5dc2fff3.png', 'Real_AVAX_3_64ee73887d5a392a49e3983789230dee.png']"
Real_MATIC,1,0,0,0,0,0,0,0,0,-1,-,"['Real_MATIC_15_00cab8ec099c8f3fff5c27377a65e650.png', 'Real_MATIC_3_d22659a2a8fd720f4a3dc37421eedb3b.png']"
Real_MATIC,0,1,0,0,0,0,0,0,0,-1,+,"['Real_MATIC_15_e6e559b89b506162142e96d0a95e1d88.png', 'Real_MATIC_3_da007c92dbb68c395023527f39c0c069.png']"
Real_SOL,0,1,0,0,0,0,0,0,0,-1,+,"['Real_SOL_15_6bb9b342c6cc554050967eaa090a5082.png', 'Real_SOL_3_e58e8124c629693f959ee98da8301805.png']"
ZVZ_ATOM,0,1,0,0,0,0,0,0,0,-1,+,"['ZVZ_ATOM_15_f57682159ff22aeefdc2494b872ccf5b.png', 'ZVZ_ATOM_3_8fb818b6104b9cf597072cf5cafd9e86.png']"
ZVZ_ATOM,0,0,1,1,0,0,0,0,0,-1,0,"['ZVZ_ATOM_15_631b18a2d2928adcf8d8ccf505fcee9e.png', 'ZVZ_ATOM_3_be524f99daacd6109af78d70381abf8e.png']"
ZVZ_Si,0,0,0,1,0,0,0,0,0,-1,+,"['ZVZ_Si_15_79237a9423b5f5041a63853ecd1f2a66.png', 'ZVZ_Si_3_869a3e52681c54dc690dc49093a8b4e7.png']"
ZVZ_Si,1,0,0,0,0,0,0,0,0,-1,-,"['ZVZ_Si_15_c817b9c3ff6e14fa750ccd7c50e248bb.png', 'ZVZ_Si_3_78342bcb42f55ae7a93541bbaf2f31be.png']"
